Feature_1,Feature_2,Target
1,10,12
2,9,24
3,8,38
4,7,54
5,6,72
6,5,92
7,4,114
8,3,138
9,2,164
10,1,192
11,10,242
12,9,294
13,8,350
14,7,410
15,6,474
16,5,542
17,4,614
18,3,690
19,2,770
20,1,854
21,10,952
22,9,1054
23,8,1160
24,7,1270
25,6,1384
26,5,1502
27,4,1624
28,3,1750
29,2,1880
30,1,2014
31,10,2152
32,9,2294
33,8,2440
34,7,2590
35,6,2744
36,5,2902
37,4,3064
38,3,3230
39,2,3400
40,1,3574
41,10,3752
42,9,3934
43,8,4120
44,7,4310
45,6,4504
46,5,4702
47,4,4904
48,3,5110
49,2,5320
50,1,5534