Date,Region,Product_Category,Marketing_Spend,Revenue,Expenses,Profit,Active_Users,New_Signups,Customer_Satisfaction,Conversion_Rate,Discount_Applied,Month
2025-01-01,East,Accessories,5494.22,15718.6,7416.56,8302.04,7959,927,3.92,0.1164,No,January
2025-01-02,West,Services,1588.98,8991.93,3785.46,5206.48,2126,236,3.88,0.1108,No,January
2025-01-03,North,Accessories,2131.4,9097.64,4073.93,5023.71,5177,374,3.51,0.0723,Yes,January
2025-01-04,East,Electronics,7289.88,39311.41,9011.64,30299.78,13248,640,4.54,0.0483,Yes,January
2025-01-05,East,Services,5245.0,18987.82,7046.59,11941.23,10795,1121,3.57,0.1039,Yes,January
2025-01-06,West,Electronics,1064.38,5997.07,3716.33,2280.74,13641,1021,4.3,0.0748,No,January
2025-01-07,North,Services,1710.3,6605.53,3726.14,2879.4,8024,298,4.94,0.0372,Yes,January
2025-01-08,North,Services,5644.51,14325.39,8055.19,6270.2,7109,974,3.66,0.1371,No,January
2025-01-09,East,Software,1035.43,5869.69,3793.97,2075.72,6146,675,4.84,0.1099,No,January
2025-01-10,South,Electronics,2125.66,5993.3,5351.64,641.65,9196,1001,4.99,0.1088,Yes,January
2025-01-11,East,Accessories,4841.14,17513.28,6439.42,11073.87,13725,1742,3.59,0.1269,No,January
2025-01-12,East,Accessories,5843.27,34038.29,9341.79,24696.5,13559,1205,4.82,0.0889,Yes,January
2025-01-13,East,Electronics,5563.73,32420.54,8633.48,23787.06,5368,676,4.27,0.126,No,January
2025-01-14,East,Accessories,2569.89,11582.56,4274.28,7308.27,5797,491,4.86,0.0848,Yes,January
2025-01-15,West,Accessories,5985.25,28199.11,9669.2,18529.91,3792,109,4.36,0.0287,No,January
2025-01-16,North,Electronics,2660.74,10828.05,6462.92,4365.13,13053,949,4.49,0.0727,Yes,January
2025-01-17,West,Services,3277.8,11558.29,4930.49,6627.8,7732,655,4.32,0.0847,No,January
2025-01-18,West,Electronics,6225.44,22724.88,8417.63,14307.25,5476,622,4.8,0.1136,No,January
2025-01-19,West,Services,5547.43,26926.2,9062.93,17863.26,5417,183,4.6,0.0339,No,January
2025-01-20,East,Accessories,6944.56,35648.61,10315.21,25333.39,3645,139,4.28,0.0382,No,January
2025-01-21,South,Accessories,5603.29,29532.29,7564.59,21967.7,11397,619,4.8,0.0543,No,January
2025-01-22,North,Accessories,4978.16,26203.36,7001.53,19201.83,5030,275,3.87,0.0546,No,January
2025-01-23,South,Software,1655.72,4667.85,4081.9,585.95,4872,561,3.74,0.1152,No,January
2025-01-24,West,Services,3574.01,15119.75,6285.32,8834.43,5072,267,3.74,0.0526,No,January
2025-01-25,West,Software,2856.42,7716.48,5902.05,1814.43,3854,394,4.0,0.1023,No,January
2025-01-26,South,Software,2707.93,11978.11,5130.21,6847.9,6021,507,3.86,0.0843,No,January
2025-01-27,South,Electronics,7811.07,31598.58,10467.41,21131.17,6662,630,4.9,0.0945,Yes,January
2025-01-28,South,Software,3751.68,21035.56,7120.36,13915.2,8514,1098,3.66,0.129,Yes,January
2025-01-29,West,Electronics,7244.33,27008.31,8836.03,18172.28,7031,510,4.55,0.0726,No,January
2025-01-30,West,Electronics,5417.97,15764.86,7549.06,8215.79,4708,566,3.78,0.1202,No,January
2025-01-31,North,Software,6563.68,19694.13,9847.05,9847.08,13694,1025,4.82,0.0749,No,January
2025-02-01,North,Services,4518.46,23339.14,8256.48,15082.67,9112,601,4.94,0.066,No,February
2025-02-02,West,Services,5038.33,23497.57,7817.52,15680.04,11524,1667,4.2,0.1446,No,February
2025-02-03,South,Services,4447.62,12693.2,7277.91,5415.3,10393,457,4.82,0.044,Yes,February
2025-02-04,South,Services,2366.7,6613.45,4134.63,2478.82,5507,175,3.51,0.0317,Yes,February
2025-02-05,North,Services,6057.16,30003.51,8675.7,21327.82,8456,1017,4.73,0.1202,Yes,February
2025-02-06,West,Software,2965.41,8168.72,5796.95,2371.77,6212,179,3.84,0.0289,No,February
2025-02-07,North,Software,1170.21,6291.66,3276.39,3015.27,9970,1284,4.86,0.1288,No,February
2025-02-08,North,Accessories,5518.31,27436.18,7691.41,19744.76,10766,827,3.5,0.0768,Yes,February
2025-02-09,East,Services,2239.77,6237.15,4682.99,1554.16,2536,353,4.33,0.139,No,February
2025-02-10,East,Software,7583.21,21209.72,9133.39,12076.33,3625,413,4.63,0.1138,No,February
2025-02-11,East,Accessories,7677.5,45705.99,9982.7,35723.29,12314,1223,3.89,0.0994,No,February
2025-02-12,South,Services,7404.05,28209.05,9432.67,18776.38,9973,1430,3.79,0.1434,No,February
2025-02-13,West,Electronics,3591.11,13636.34,5909.85,7726.48,10577,757,3.63,0.0716,Yes,February
2025-02-14,West,Accessories,1108.2,5923.09,2907.6,3015.48,10070,1450,3.99,0.144,No,February
2025-02-15,West,Software,7498.23,43604.98,11224.55,32380.43,13473,506,4.34,0.0376,No,February
2025-02-16,West,Electronics,3997.29,23787.88,6981.27,16806.61,10666,884,3.67,0.0829,Yes,February
2025-02-17,East,Electronics,7766.58,39895.57,10964.34,28931.23,10609,584,4.07,0.0551,No,February
2025-02-18,South,Electronics,7745.34,29563.25,11218.27,18344.99,8490,766,3.51,0.0902,Yes,February
2025-02-19,South,Accessories,6971.07,19464.98,9717.17,9747.81,5600,230,4.73,0.0411,No,February
2025-02-20,East,Software,3061.14,15979.21,4778.44,11200.76,8783,1137,3.69,0.1294,No,February
2025-02-21,South,Electronics,3695.68,16462.11,6538.45,9923.66,11146,1449,3.93,0.13,No,February
2025-02-22,East,Services,6957.96,27725.91,9925.06,17800.85,6971,1005,3.53,0.1442,No,February
2025-02-23,West,Electronics,3218.45,18255.84,6582.05,11673.79,3205,129,4.15,0.0401,Yes,February
2025-02-24,East,Electronics,2186.45,6317.07,4765.6,1551.47,14951,1511,4.76,0.101,No,February
2025-02-25,West,Accessories,4897.61,20688.42,6716.56,13971.86,14312,1169,4.09,0.0817,Yes,February
2025-02-26,West,Accessories,7553.08,19182.85,9762.52,9420.33,3990,258,3.77,0.0648,Yes,February
2025-02-27,North,Software,5872.21,24312.78,8279.91,16032.86,7299,480,4.63,0.0657,No,February
2025-02-28,East,Services,4990.43,13459.49,8105.22,5354.27,14997,1105,4.68,0.0737,Yes,February
2025-03-01,North,Accessories,1680.24,4899.34,4607.18,292.15,5572,622,3.76,0.1116,No,March
2025-03-02,East,Electronics,5305.05,15444.82,7695.29,7749.52,7975,780,4.66,0.0978,No,March
2025-03-03,East,Software,7930.38,37845.63,11896.67,25948.97,8320,664,4.92,0.0798,Yes,March
2025-03-04,North,Electronics,1980.59,10123.1,4995.03,5128.07,6380,191,3.75,0.0299,Yes,March
2025-03-05,North,Electronics,4628.31,21020.8,6721.37,14299.43,14350,432,4.66,0.0301,Yes,March
2025-03-06,East,Accessories,7141.61,41904.15,8896.07,33008.08,6757,137,4.56,0.0203,No,March
2025-03-07,South,Software,6185.38,23578.96,8067.53,15511.43,4713,687,4.21,0.1458,No,March
2025-03-08,West,Services,5879.11,20576.84,7994.0,12582.84,12395,256,3.59,0.0207,Yes,March
2025-03-09,North,Services,5917.39,32782.91,7819.09,24963.81,7588,253,3.61,0.0334,No,March
2025-03-10,West,Accessories,3516.44,11543.01,5482.86,6060.15,13312,811,4.78,0.0609,No,March
2025-03-11,South,Accessories,3055.14,17937.6,5267.88,12669.72,2966,371,4.99,0.125,Yes,March
2025-03-12,South,Software,6665.53,16947.38,8598.96,8348.41,6944,1007,4.51,0.1451,No,March
2025-03-13,South,Services,6670.79,39321.5,10412.71,28908.79,5432,667,4.17,0.1227,No,March
2025-03-14,North,Services,7069.51,18741.68,8770.09,9971.59,2688,295,4.47,0.1098,No,March
2025-03-15,South,Services,7392.68,41539.5,10203.96,31335.53,6243,548,4.39,0.0878,Yes,March
2025-03-16,North,Electronics,4579.4,19906.43,7105.39,12801.04,5701,178,4.08,0.0313,Yes,March
2025-03-17,South,Services,4510.61,26952.62,8466.56,18486.06,10533,1523,3.6,0.1446,Yes,March
2025-03-18,West,Electronics,6588.07,18171.78,8368.16,9803.62,7182,852,4.73,0.1186,No,March
2025-03-19,West,Software,5549.75,24632.5,8044.39,16588.11,11916,1228,4.06,0.1031,Yes,March
2025-03-20,East,Electronics,5913.77,34847.23,9837.44,25009.78,8704,1033,4.73,0.1187,No,March
2025-03-21,West,Software,6570.55,28456.01,10234.32,18221.69,6422,733,3.88,0.1141,No,March
2025-03-22,East,Services,7230.04,34002.11,10772.72,23229.39,11984,1232,3.5,0.1028,No,March
2025-03-23,West,Services,3365.97,16611.45,5510.72,11100.72,3759,554,3.74,0.1475,No,March
2025-03-24,North,Software,3629.08,14846.18,5556.3,9289.88,13404,1842,4.2,0.1374,No,March
2025-03-25,West,Accessories,1657.87,7786.13,4829.48,2956.64,11181,1164,4.92,0.1041,No,March
2025-03-26,East,Software,5047.96,22943.49,8871.4,14072.09,12454,1371,3.65,0.1101,No,March
2025-03-27,East,Accessories,1251.6,7076.59,4143.5,2933.09,4482,120,4.78,0.0267,Yes,March
2025-03-28,South,Electronics,4259.19,11325.44,7188.22,4137.22,10058,1077,4.29,0.1071,No,March
2025-03-29,North,Electronics,4798.51,16715.0,6998.46,9716.54,2951,76,4.74,0.0257,Yes,March
2025-03-30,West,Electronics,3005.79,17513.05,6429.52,11083.53,10914,1053,3.95,0.0965,Yes,March
2025-03-31,South,Services,5135.83,28842.44,7103.44,21739.0,13581,2036,4.76,0.1499,Yes,March
2025-04-01,West,Electronics,1213.5,4969.05,3522.7,1446.35,4079,376,4.66,0.0923,No,April
2025-04-02,West,Accessories,1261.44,5891.5,3825.03,2066.47,4717,385,3.85,0.0815,Yes,April
2025-04-03,South,Electronics,6758.2,23456.6,9527.23,13929.38,12524,760,3.7,0.0607,Yes,April
2025-04-04,South,Software,3521.33,11121.87,5627.36,5494.51,13568,484,4.8,0.0357,Yes,April
2025-04-05,South,Software,1889.42,7789.99,3676.52,4113.47,6524,750,4.94,0.115,Yes,April
2025-04-06,South,Services,4655.7,17397.12,7682.25,9714.86,11692,527,3.55,0.045,No,April
2025-04-07,South,Software,6389.95,29028.26,8611.53,20416.73,10477,367,4.6,0.035,No,April
2025-04-08,West,Accessories,2510.75,6959.97,5463.84,1496.13,9311,697,4.86,0.0748,Yes,April
2025-04-09,South,Electronics,5360.23,31681.03,7246.14,24434.89,13687,1689,4.79,0.1234,No,April
2025-04-10,North,Services,1597.43,9507.5,4300.28,5207.22,9186,1073,4.95,0.1169,No,April
2025-04-11,East,Electronics,1361.77,6732.01,4193.25,2538.76,4065,110,4.64,0.0271,Yes,April
2025-04-12,South,Electronics,4719.48,20654.05,6349.04,14305.01,2768,219,4.16,0.0792,Yes,April
2025-04-13,South,Accessories,4784.45,17144.33,7125.96,10018.37,7490,658,3.97,0.0879,No,April
2025-04-14,West,Software,5462.01,29212.37,7298.05,21914.32,13249,1375,3.98,0.1038,No,April
2025-04-15,South,Software,6082.64,29784.0,7741.08,22042.93,14481,1514,4.59,0.1045,Yes,April
2025-04-16,South,Electronics,7830.96,24034.48,11805.87,12228.61,8645,583,4.62,0.0674,No,April
2025-04-17,South,Services,4614.1,26246.15,6919.99,19326.16,7083,658,3.8,0.0929,Yes,April
2025-04-18,West,Software,3260.7,17538.89,6785.38,10753.51,7232,597,4.8,0.0825,No,April
2025-04-19,South,Services,6566.3,38244.12,8702.91,29541.21,12353,1668,4.57,0.135,Yes,April
2025-04-20,East,Software,2895.83,14595.01,6099.58,8495.43,13485,1199,4.34,0.0889,Yes,April
2025-04-21,West,Services,4072.8,18926.11,7473.37,11452.74,7797,603,4.21,0.0773,Yes,April
2025-04-22,East,Accessories,1549.19,6140.78,4538.29,1602.48,11138,808,4.31,0.0726,No,April
2025-04-23,West,Services,1177.46,6787.5,3856.4,2931.1,6926,654,3.74,0.0944,No,April
2025-04-24,South,Accessories,7738.54,42803.59,10268.14,32535.45,8016,998,3.81,0.1245,Yes,April
2025-04-25,East,Accessories,6851.86,18214.06,9224.03,8990.03,5335,480,3.64,0.09,Yes,April
2025-04-26,West,Services,5871.82,15221.43,9695.64,5525.78,14342,1520,3.73,0.106,No,April
2025-04-27,North,Accessories,3862.67,14746.22,7439.22,7307.0,10038,1164,4.18,0.1159,Yes,April
2025-04-28,South,Electronics,2213.06,11810.96,6125.63,5685.33,6873,602,4.3,0.0876,Yes,April
2025-04-29,West,Accessories,2095.06,12477.06,3905.8,8571.25,3481,263,3.53,0.0755,No,April
2025-04-30,North,Software,2751.7,8327.91,6078.87,2249.04,12093,1620,4.7,0.134,Yes,April
2025-05-01,West,Services,4844.59,22185.58,8690.44,13495.14,8305,617,3.94,0.0743,No,May
2025-05-02,North,Electronics,6002.17,23007.03,7955.25,15051.78,5451,436,4.87,0.0801,No,May
2025-05-03,South,Services,5621.38,33136.36,7287.62,25848.74,14256,2120,4.95,0.1487,Yes,May
2025-05-04,East,Software,2959.54,16121.83,6312.34,9809.49,2054,41,3.78,0.02,Yes,May
2025-05-05,North,Software,7684.06,41756.32,10620.24,31136.08,9643,425,4.19,0.0441,Yes,May
2025-05-06,West,Software,6165.28,25526.88,9769.85,15757.03,12015,840,3.5,0.0699,No,May
2025-05-07,South,Accessories,4880.48,19287.01,6729.91,12557.1,5462,771,4.4,0.1412,No,May
2025-05-08,North,Accessories,5282.05,18259.63,8770.21,9489.42,13271,386,4.41,0.0291,No,May
2025-05-09,West,Services,3937.2,10619.87,5941.27,4678.6,2832,60,3.87,0.0212,Yes,May
2025-05-10,West,Services,2734.12,15110.17,4643.26,10466.92,14600,392,4.34,0.0268,No,May
2025-05-11,West,Electronics,3491.81,18664.25,5402.47,13261.78,12998,410,3.84,0.0315,No,May
2025-05-12,North,Electronics,6304.92,37823.31,9841.36,27981.95,7954,198,3.74,0.0249,No,May
2025-05-13,North,Services,1100.75,6591.57,4263.75,2327.82,12682,1045,4.48,0.0824,No,May
2025-05-14,North,Accessories,1812.51,8054.81,4620.17,3434.64,10519,1005,3.99,0.0955,No,May
2025-05-15,East,Software,1322.02,6863.2,3719.09,3144.11,9221,510,4.39,0.0553,No,May
2025-05-16,North,Services,1285.1,7462.17,4978.1,2484.07,5310,381,4.15,0.0718,No,May
2025-05-17,North,Electronics,6988.22,38251.9,9469.34,28782.57,5300,169,4.98,0.0319,Yes,May
2025-05-18,North,Accessories,5925.61,19943.92,9467.1,10476.81,8722,556,3.72,0.0637,Yes,May
2025-05-19,East,Services,4319.22,17609.03,6917.05,10691.98,9218,811,4.2,0.0879,No,May
2025-05-20,North,Services,1684.84,4973.74,4127.2,846.54,9776,1126,4.52,0.1152,Yes,May
2025-05-21,West,Accessories,4441.31,25933.61,7098.01,18835.6,5675,116,4.09,0.0204,No,May
2025-05-22,North,Services,4314.3,19939.03,6567.75,13371.28,5054,408,4.96,0.0808,No,May
2025-05-23,West,Accessories,2212.41,7301.52,5581.44,1720.08,9970,584,4.58,0.0586,No,May
2025-05-24,West,Software,4036.96,19583.11,6793.76,12789.35,4143,542,4.49,0.1309,Yes,May
2025-05-25,West,Accessories,3789.53,17672.29,5870.06,11802.23,7207,815,4.64,0.113,Yes,May
2025-05-26,East,Accessories,5310.95,19935.02,9059.89,10875.14,11503,1111,4.93,0.0966,Yes,May
2025-05-27,East,Accessories,5445.66,15778.52,7905.38,7873.14,13383,750,4.86,0.056,No,May
2025-05-28,East,Services,1317.13,6388.74,4176.01,2212.73,4538,628,4.59,0.1383,No,May
2025-05-29,North,Services,3622.29,15652.19,7388.47,8263.72,14175,367,4.62,0.0259,No,May
2025-05-30,West,Accessories,5381.02,27998.06,8441.61,19556.45,6547,224,3.72,0.0342,No,May
2025-05-31,East,Services,4521.95,19537.43,6314.2,13223.23,7619,540,3.65,0.0709,No,May
2025-06-01,East,Electronics,6995.43,38353.39,10845.01,27508.38,10356,375,4.36,0.0362,No,June
2025-06-02,North,Electronics,5610.86,24865.48,8680.13,16185.36,14469,2088,3.53,0.1443,Yes,June
2025-06-03,East,Services,2140.54,9553.84,4477.81,5076.03,8612,1066,4.22,0.1237,No,June
2025-06-04,North,Services,1493.98,8318.92,3342.16,4976.76,7005,376,3.82,0.0537,Yes,June
2025-06-05,South,Accessories,5496.93,21505.05,8982.0,12523.06,2822,272,4.02,0.0965,Yes,June
2025-06-06,East,Software,1185.58,3520.05,4235.76,-715.71,2943,435,4.66,0.1477,No,June
2025-06-07,South,Services,5100.43,13264.89,7934.08,5330.8,8150,1100,4.91,0.1349,Yes,June
2025-06-08,North,Electronics,7581.61,38992.08,11316.34,27675.74,6425,630,3.61,0.0981,No,June
2025-06-09,West,Accessories,5028.32,23487.7,8499.81,14987.89,10966,1508,4.3,0.1375,No,June
2025-06-10,East,Services,3717.19,18453.17,5596.38,12856.79,4198,624,4.82,0.1486,No,June
2025-06-11,North,Electronics,5503.02,17859.35,7782.32,10077.03,13348,1557,3.62,0.1166,Yes,June
2025-06-12,West,Electronics,4207.77,12527.8,6328.99,6198.8,6242,178,4.74,0.0284,No,June
2025-06-13,West,Software,4819.32,12293.63,8179.18,4114.44,5695,411,4.04,0.0722,No,June
2025-06-14,South,Accessories,7590.25,28289.3,9174.08,19115.22,5452,703,3.98,0.1289,No,June
2025-06-15,North,Accessories,3702.72,16901.84,6627.44,10274.4,11106,555,4.97,0.05,No,June
2025-06-16,West,Software,7728.33,29930.71,11134.48,18796.23,3308,423,3.8,0.128,Yes,June
2025-06-17,East,Software,7337.45,29578.47,11029.37,18549.1,6177,220,4.54,0.0356,No,June
2025-06-18,East,Accessories,2370.54,13428.04,4725.74,8702.3,10705,279,4.73,0.0261,Yes,June
2025-06-19,South,Accessories,1485.53,5524.53,5038.67,485.85,12112,847,3.56,0.0699,No,June
2025-06-20,West,Services,1705.45,7331.65,3482.03,3849.62,8852,219,4.51,0.0248,No,June
2025-06-21,North,Services,1127.55,5911.52,4743.68,1167.83,8035,1161,4.93,0.1444,No,June
2025-06-22,East,Software,1661.1,6458.19,3479.82,2978.37,5594,713,3.69,0.1274,No,June
2025-06-23,West,Services,5781.05,27039.71,8274.27,18765.45,6841,849,4.84,0.1241,No,June
2025-06-24,West,Electronics,1498.32,8268.14,4991.56,3276.58,3409,347,4.39,0.1019,No,June
2025-06-25,South,Services,3232.83,18825.81,5107.62,13718.18,14994,722,4.42,0.0481,No,June
2025-06-26,East,Services,6914.13,20844.41,8987.26,11857.16,6566,574,4.42,0.0874,No,June
2025-06-27,East,Electronics,1162.9,6678.62,4468.53,2210.09,13382,1307,3.95,0.0976,Yes,June
2025-06-28,North,Software,6701.28,28295.53,10001.37,18294.16,6491,573,4.9,0.0883,Yes,June
2025-06-29,East,Electronics,2972.98,10119.61,6075.85,4043.75,3555,191,4.92,0.0538,No,June
2025-06-30,North,Services,1827.15,7504.08,5062.02,2442.05,2804,244,4.44,0.087,Yes,June
2025-07-01,East,Software,5877.16,34852.23,8733.97,26118.26,3279,275,4.68,0.0839,No,July
2025-07-02,South,Services,5402.6,22821.46,7532.1,15289.37,9083,1358,4.42,0.1495,Yes,July
2025-07-03,East,Electronics,7142.3,26073.91,9506.54,16567.37,7986,1091,4.23,0.1367,No,July
2025-07-04,North,Electronics,6145.5,28987.71,8099.49,20888.22,7619,611,4.49,0.0802,No,July
2025-07-05,North,Services,6624.37,22128.76,10395.49,11733.27,13769,1390,4.33,0.101,No,July
2025-07-06,South,Accessories,2974.24,8225.33,5932.72,2292.61,13093,1535,4.4,0.1172,No,July
2025-07-07,East,Accessories,2242.08,6616.55,4744.21,1872.34,3387,83,4.68,0.0245,No,July
2025-07-08,East,Electronics,6254.3,18438.69,8909.32,9529.37,14880,2029,4.22,0.1363,No,July
2025-07-09,South,Electronics,6647.84,20154.0,10516.05,9637.94,12953,1707,3.56,0.1318,No,July
2025-07-10,East,Accessories,7933.54,23688.71,9816.91,13871.79,4679,372,3.75,0.0795,Yes,July
2025-07-11,East,Accessories,3888.32,18442.56,6853.9,11588.66,4106,291,4.16,0.0709,No,July
2025-07-12,North,Services,3604.13,11304.63,6368.85,4935.78,10173,564,4.59,0.0555,No,July
2025-07-13,East,Services,6434.89,23872.39,9463.53,14408.86,6223,510,4.39,0.082,Yes,July
2025-07-14,East,Accessories,3385.62,19090.72,4930.9,14159.82,6831,176,4.48,0.0258,Yes,July
2025-07-15,South,Services,7515.3,31255.13,11195.61,20059.52,4768,624,4.22,0.1308,No,July
2025-07-16,South,Services,7008.89,33898.16,10839.18,23058.97,14145,348,4.42,0.0246,Yes,July
2025-07-17,West,Software,4002.96,12421.66,6915.79,5505.87,5186,326,3.99,0.0628,Yes,July
2025-07-18,North,Services,6256.1,19850.67,9497.72,10352.95,13472,1901,4.21,0.1411,No,July
2025-07-19,East,Electronics,6281.8,16603.05,10088.05,6515.0,4573,529,4.62,0.1156,No,July
