CGPA,Package
6.87,8.65
9.75,11.69
8.66,12.09
7.99,12.48
5.78,8.05
5.78,7.92
5.29,6.19
9.33,12.26
8.01,12.03
8.54,11.37
5.1,8.81
9.85,15.41
9.16,12.8
6.06,7.18
5.91,7.52
5.92,7.36
6.52,10.08
7.62,10.95
7.16,9.01
6.46,10.89
8.06,11.57
5.7,8.18
6.46,7.9
6.83,9.73
7.28,10.48
8.93,10.8
6.0,10.22
7.57,12.18
7.96,10.86
5.23,5.1
8.04,11.88
5.85,7.64
5.33,7.01
9.74,14.77
9.83,15.3
9.04,15.01
6.52,9.42
5.49,5.62
8.42,13.79
7.2,11.93
5.61,10.88
7.48,9.11
5.17,6.6
9.55,11.69
6.29,8.99
8.31,11.3
6.56,11.11
7.6,9.75
7.73,8.89
5.92,7.1
9.85,12.36
8.88,13.88
9.7,11.98
9.47,14.09
7.99,8.89
9.61,13.91
5.44,8.77
5.98,8.2
5.23,5.37
6.63,8.89
6.94,9.52
6.36,9.01
9.14,11.82
6.78,9.92
6.4,5.28
7.71,10.13
5.7,6.68
9.01,13.98
5.37,6.7
9.93,13.2
8.86,11.77
5.99,8.03
5.03,5.95
9.08,12.64
8.53,11.78
8.65,13.4
8.86,12.32
5.37,6.56
6.79,11.83
5.58,5.33
9.32,11.55
8.12,12.55
6.65,8.16
5.32,6.19
6.55,7.86
6.63,8.61
8.65,14.48
8.19,12.7
9.44,15.02
7.36,8.55
5.6,5.69
8.57,9.01
8.8,11.88
7.81,12.2
8.85,13.56
7.47,10.18
7.61,10.68
7.14,9.02
5.13,6.47
5.54,7.89
5.16,4.34
8.18,12.09
6.57,9.95
7.54,10.08
9.54,15.01
6.25,11.62
7.05,9.57
8.78,13.27
6.14,7.17
5.38,6.91
6.45,9.16
5.81,7.68
9.65,13.14
9.04,13.52
8.17,13.46
9.36,14.38
9.02,14.39
5.93,7.39
9.46,14.93
7.7,11.19
9.04,12.13
9.48,14.45
6.59,7.67
5.55,6.23
6.14,8.28
7.14,10.2
9.09,11.94
9.3,15.01
5.03,6.75
7.55,9.75
7.09,7.91
6.11,7.83
5.6,6.54
6.69,9.17
9.71,14.05
6.62,6.5
7.59,10.2
8.52,11.96
6.82,10.03
9.86,13.91
9.81,16.68
6.26,5.97
7.49,12.05
6.5,8.44
6.42,9.6
5.18,6.43
8.05,12.85
7.51,10.06
5.26,5.14
6.39,10.21
9.54,14.04
6.2,8.42
5.72,8.79
7.45,9.17
9.93,15.59
6.21,7.47
8.36,11.89
8.81,12.94
6.19,6.34
8.64,11.62
6.84,10.93
8.16,12.75
8.17,11.63
7.68,11.11
5.45,6.46
9.18,15.15
6.6,8.65
5.93,7.96
5.2,7.74
7.95,10.39
8.39,13.97
5.08,4.31
7.56,12.56
6.13,7.59
8.23,11.52
5.87,5.3
8.45,11.67
6.93,8.23
9.68,13.7
5.69,7.07
6.71,10.22
5.57,7.27
9.62,14.69
9.39,12.58
6.29,7.26
8.3,14.1
9.09,12.47
7.78,12.98
7.65,10.48
6.21,8.18
5.47,8.12
9.49,15.6
9.5,13.97
8.17,11.23
6.7,8.98
6.75,9.55
8.63,13.6
9.49,14.08
9.44,14.73
8.9,14.98
8.21,12.24
5.42,7.13
5.81,5.63
9.49,10.93
8.03,11.92
5.05,5.97
5.51,6.3
8.32,12.26
5.03,5.97
5.8,8.8
7.74,11.04
8.46,11.33
8.26,13.06
6.12,7.76
8.56,13.04
6.19,7.56
6.63,8.15
8.73,12.82
8.25,11.86
9.25,14.22
8.29,11.6
7.84,8.91
5.47,6.32
6.84,10.26
6.33,8.03
6.22,7.9
9.87,15.94
6.97,8.68
9.46,12.18
8.16,11.49
8.97,12.57
7.51,9.36
7.88,10.98
7.46,11.02
5.98,7.75
8.61,12.87
6.4,10.7
5.12,5.81
8.23,12.14
5.89,6.98
9.7,13.45
9.77,13.88
9.57,13.66
6.85,9.76
5.08,8.96
9.64,13.5
7.14,9.35
9.83,14.62
9.82,15.15
9.27,13.99
6.47,10.19
6.93,6.55
9.26,10.8
6.58,8.26
5.85,8.84
7.78,9.13
9.68,10.82
8.48,12.95
7.85,11.42
5.49,5.57
8.08,10.35
9.95,13.75
5.7,7.39
7.59,9.91
9.39,14.49
8.7,9.24
8.49,11.24
8.51,10.97
6.8,8.93
6.47,8.0
9.05,14.24
9.05,11.06
9.34,13.86
9.57,14.89
7.56,12.83
7.51,9.94
8.99,13.57
8.25,9.69
8.51,9.45
8.98,14.18
9.45,14.0
6.69,10.46
6.88,7.73
5.47,7.47
7.89,13.45
5.18,6.83
7.33,10.52
7.71,10.89
6.43,6.69
7.95,12.94
5.15,5.54
5.19,6.94
9.11,11.53
6.8,7.83
5.64,8.87
7.61,10.28
8.85,14.67
6.08,7.85
8.11,9.4
5.43,7.84
5.26,5.76
7.66,11.62
7.7,10.9
8.19,9.89
8.63,12.73
9.88,17.42
7.58,11.24
6.61,8.84
8.98,14.45
6.35,8.69
7.19,10.2
5.39,5.4
5.13,6.51
9.81,15.91
9.18,12.52
8.48,13.97
7.04,9.57
5.87,6.49
5.78,8.61
6.25,7.91
7.75,11.85
8.57,12.08
8.3,11.87
6.4,9.11
9.77,14.94
8.69,10.25
7.77,9.64
8.06,12.62
7.1,9.62
6.24,7.6
6.78,7.57
8.79,11.52
5.07,3.7
5.58,6.92
5.23,5.7
5.2,5.21
9.28,13.62
8.52,12.77
7.37,12.78
5.49,5.07
7.46,11.82
7.37,11.43
5.87,6.62
7.17,10.15
6.99,9.04
8.08,11.77
8.18,13.53
5.23,7.13
6.87,9.98
8.13,11.12
7.52,8.75
9.28,13.46
8.29,13.38
5.81,5.63
5.35,5.37
8.21,11.93
5.13,5.06
7.93,10.32
9.7,13.95
7.88,9.54
6.94,8.32
8.22,12.63
7.29,8.56
7.73,8.99
9.71,13.72
6.93,10.35
9.81,14.41
9.53,13.59
5.98,7.82
5.35,4.53
5.5,7.5
5.09,6.62
5.47,6.36
8.42,13.35
5.36,5.29
6.59,10.22
9.22,13.79
5.12,5.81
9.07,13.31
6.41,8.41
5.59,8.53
8.48,10.98
8.14,10.75
9.39,15.14
8.68,11.9
9.02,14.31
6.41,10.58
5.89,7.11
8.75,13.57
9.03,11.88
9.95,15.82
7.06,9.95
6.86,9.92
8.88,12.21
6.7,7.07
9.65,14.98
9.29,11.25
7.14,9.48
8.75,13.89
8.77,13.02
5.52,9.27
9.51,15.35
7.53,9.76
9.13,13.47
6.6,8.82
9.48,12.16
6.95,8.37
5.05,5.42
9.53,11.7
5.46,6.88
6.6,8.57
9.75,12.54
9.75,15.04
7.87,12.02
8.16,11.96
7.24,9.65
6.47,9.35
6.64,9.77
8.36,12.42
8.76,11.78
8.96,13.46
8.95,14.54
5.46,6.1
7.47,12.97
5.29,5.89
7.75,10.98
7.21,9.17
9.44,14.26
6.75,7.07
5.59,6.4
5.71,5.98
8.81,13.02
8.09,12.76
5.51,7.69
5.42,3.91
8.5,14.76
5.36,7.01
9.11,12.46
8.53,12.54
5.41,6.94
5.42,5.96
9.93,15.12
6.87,8.64
6.85,8.85
9.06,12.49
9.74,12.81
9.93,15.05
8.77,13.48
6.88,10.0
5.42,7.74
8.89,13.38
7.79,10.39
7.12,10.83
9.53,12.53
5.56,5.92
7.46,9.28
5.06,7.4
7.34,11.35
5.28,7.09
5.59,8.36
5.59,6.0
8.25,12.26
8.73,12.56
7.92,12.27
9.81,14.52
6.87,8.91
6.43,9.22
9.34,14.87
6.12,7.21
9.82,14.6
5.06,4.84
9.85,11.73
5.22,6.63
9.46,14.75
7.64,11.06
9.96,12.6
5.37,6.24
7.77,8.32
9.85,16.37
7.62,9.4
8.15,13.17
8.48,13.4
7.27,9.01
8.14,10.29
7.92,11.68
9.51,13.1
5.23,6.53
6.4,7.95
9.75,12.42
9.45,11.34
7.28,10.37
8.1,10.91
6.39,7.83
5.94,8.53
7.32,11.58
6.77,8.85
7.92,10.84
5.39,7.3
9.87,13.14
9.93,15.14
8.49,12.95
7.68,11.64
6.55,6.46
9.07,12.41
8.42,11.11
5.81,7.58
9.55,14.78
9.11,15.2
9.75,13.95
8.63,11.93
8.07,12.9
7.09,10.12
9.66,15.92
9.33,14.14
5.23,5.02
5.13,4.64
6.88,7.53
9.05,14.09
9.94,16.31
5.75,9.57
7.97,12.36
6.9,10.82
9.85,14.03
9.21,12.19
9.19,14.57
7.34,10.72
7.07,9.86
6.37,8.93
5.28,6.9
9.32,15.32
9.06,14.87
10.0,15.65
9.98,15.98
7.78,11.62
8.84,12.37
9.72,15.41
9.25,11.97
6.24,9.49
7.25,8.62
5.65,7.51
9.77,13.57
8.03,12.12
6.14,8.02
8.36,10.13
8.09,12.07
6.79,8.53
5.57,8.08
8.36,12.05
7.6,11.16
8.86,11.8
7.6,9.97
9.26,13.12
7.76,12.0
7.8,13.06
9.38,12.92
7.02,10.92
5.67,4.6
5.14,4.83
8.78,11.65
8.1,9.96
8.52,10.44
6.06,8.41
5.68,6.97
5.07,6.59
6.75,9.98
7.95,11.63
6.96,10.32
7.19,9.85
9.52,12.71
6.74,10.4
7.57,9.92
8.92,11.93
6.98,9.36
8.11,10.5
9.31,13.26
9.75,14.96
5.74,7.74
9.63,13.26
7.46,9.84
6.29,9.61
7.3,10.73
9.9,17.31
7.46,11.85
6.64,10.33
8.17,10.04
6.2,9.08
5.38,6.62
5.64,6.5
5.64,7.35
5.76,8.5
5.69,7.85
8.2,10.71
5.91,8.53
6.73,8.35
9.48,14.33
7.37,9.9
8.34,11.75
5.86,8.47
5.96,6.48
5.2,8.7
5.84,5.34
6.39,7.79
5.89,8.04
5.44,7.5
5.6,6.97
7.3,10.08
6.03,8.35
6.82,9.0
7.52,12.2
8.45,13.22
5.2,7.4
9.0,12.04
8.14,11.56
5.41,6.38
9.37,12.66
9.6,14.72
5.31,5.9
6.38,9.28
9.03,11.97
8.74,14.8
5.92,6.59
6.05,8.15
6.85,10.28
7.42,9.68
8.09,12.59
6.84,7.85
7.31,11.91
8.74,12.74
5.18,5.61
6.26,7.91
8.57,13.39
9.48,13.36
7.56,9.71
7.66,10.52
5.54,5.55
7.24,12.21
7.66,10.11
6.21,9.18
6.35,8.67
6.89,8.21
5.1,6.17
6.61,9.84
6.06,7.68
6.64,10.38
5.6,8.3
9.45,15.12
7.97,10.79
8.4,10.82
8.95,12.37
7.49,10.72
5.43,7.44
7.69,8.23
7.93,11.27
8.73,12.9
7.16,9.55
5.64,8.7
6.42,9.06
6.82,10.84
8.23,11.55
7.85,12.26
6.78,11.17
9.93,16.45
8.03,10.14
6.19,7.83
5.51,6.5
5.76,7.96
6.23,9.04
5.8,6.44
5.93,7.76
6.43,6.14
5.87,9.29
9.48,13.46
5.4,6.79
7.62,10.35
7.05,11.07
9.91,11.44
5.56,6.99
6.99,9.45
9.85,14.18
9.33,15.86
9.09,12.29
6.29,9.25
5.85,7.97
8.34,13.53
9.65,13.56
7.78,10.13
7.86,12.46
6.4,9.03
8.85,11.07
5.94,7.04
6.62,9.38
7.13,10.83
7.54,9.75
6.21,4.68
5.57,7.66
8.05,10.03
6.44,6.18
7.91,7.83
5.77,8.37
7.41,10.48
7.66,10.52
5.26,8.13
6.68,9.79
5.67,9.15
5.32,4.9
9.95,14.87
6.61,6.96
9.05,13.01
6.27,7.99
8.41,12.89
8.8,12.9
7.98,12.11
7.36,11.09
7.06,12.29
6.74,8.76
9.65,13.24
9.15,13.77
9.83,13.72
5.62,8.9
8.65,12.24
9.69,13.77
5.91,7.07
5.33,7.46
8.71,12.48
7.87,10.4
9.21,15.57
5.7,6.23
8.98,13.2
6.01,8.6
5.82,5.52
5.82,8.05
9.07,12.07
8.33,12.97
7.62,9.55
6.79,10.06
9.39,15.22
6.96,10.57
9.08,13.65
7.2,9.67
6.88,8.7
7.31,11.93
6.51,7.87
8.74,11.48
7.51,11.32
6.16,7.13
9.5,12.96
6.92,7.72
7.72,10.31
9.53,14.06
8.12,11.91
5.58,8.19
9.7,15.09
8.14,11.42
6.67,8.78
5.7,7.87
8.97,14.67
8.1,11.73
7.67,10.24
9.47,12.85
8.94,11.36
5.76,8.16
6.56,9.5
6.24,8.93
8.72,12.54
5.17,7.99
7.85,10.55
8.81,14.01
9.38,13.84
6.71,8.35
9.11,14.1
5.55,7.49
9.23,14.05
5.64,7.24
6.99,9.53
8.99,16.04
5.75,8.77
6.15,8.93
8.61,12.63
8.6,13.69
8.21,12.39
8.47,12.28
7.71,10.52
6.26,8.17
6.73,5.31
5.91,7.89
9.54,13.59
7.92,13.16
7.0,9.63
7.31,8.73
9.74,14.47
5.77,6.12
7.93,11.84
7.53,10.9
8.06,12.65
5.09,5.21
9.36,13.89
9.66,12.75
7.83,11.93
8.48,12.89
9.61,14.9
8.54,12.37
5.76,7.87
7.88,13.11
8.03,11.12
7.12,9.98
8.68,11.32
9.67,13.37
9.63,14.45
7.25,11.38
5.57,6.71
9.92,14.58
9.19,13.06
5.62,6.48
9.6,14.64
9.35,12.03
7.59,12.21
7.96,10.52
7.0,10.46
5.27,4.97
6.68,9.82
9.01,14.03
5.02,6.5
6.67,7.81
6.99,9.88
7.69,9.42
9.6,13.98
6.73,10.35
6.73,10.08
8.69,12.66
7.26,8.9
6.12,8.8
7.26,10.1
5.7,4.48
5.88,8.53
7.49,10.46
7.09,11.21
9.57,12.92
6.81,5.45
7.9,11.56
8.16,12.04
5.07,4.09
8.32,10.8
5.89,10.91
9.81,14.28
5.74,8.22
7.07,8.95
5.43,4.26
9.98,14.77
7.51,10.2
7.98,10.88
5.34,6.47
8.75,13.07
6.05,7.71
9.49,12.57
6.03,8.43
5.95,5.38
5.18,3.87
7.36,11.14
7.82,11.69
5.33,6.52
8.88,11.31
7.27,9.23
7.62,10.4
7.2,8.05
7.0,8.72
7.8,11.82
5.78,9.11
5.91,7.13
9.31,14.66
9.73,12.22
6.87,10.15
6.35,7.47
8.22,12.16
7.04,9.38
5.13,7.81
5.78,6.36
8.58,13.2
8.29,11.59
5.14,6.05
6.11,7.78
6.16,7.06
8.36,12.03
5.1,6.1
5.52,7.23
9.0,13.3
5.89,8.56
8.26,12.98
6.19,6.88
5.5,7.94
6.22,6.76
8.61,13.21
9.28,14.44
9.15,11.18
6.99,9.69
8.34,11.45
6.02,6.93
6.47,10.26
9.48,13.28
5.07,5.15
5.43,6.86
6.04,8.69
5.13,6.07
5.91,9.03
7.92,11.88
7.11,7.18
9.46,13.4
9.09,12.68
6.71,9.65
6.3,5.19
6.9,12.48
7.95,11.95
6.34,8.59
8.12,13.04
7.05,12.5
7.76,12.01
7.18,11.06
6.47,8.81
9.74,14.37
8.82,12.3
5.7,6.27
9.34,12.99
7.44,8.77
9.47,13.96
9.0,11.18
7.13,10.06
5.11,6.16
6.34,8.59
7.71,10.25
8.17,15.39
6.29,9.95
5.7,5.76
9.17,13.79
9.92,14.13
7.63,9.51
5.86,5.94
6.36,8.97
5.09,5.35
9.57,15.39
5.59,8.25
7.88,12.84
6.37,7.44
7.77,11.56
8.26,12.62
9.15,12.9
6.03,6.93
5.05,8.03
5.68,7.5
9.5,14.86
9.37,12.88
7.99,9.91
8.0,10.72
8.33,11.84
5.88,6.3
9.57,14.22
7.09,7.74
6.92,8.1
7.59,11.48
5.23,7.15
5.83,7.03
8.69,11.42
5.41,5.51
8.02,10.98
6.23,8.98
6.95,10.62
6.44,8.0
6.78,7.82
8.6,12.79
6.49,7.69
7.83,10.48
7.38,11.87
8.32,12.97
9.68,14.62
8.66,11.07
6.07,8.19
5.16,7.56
6.31,7.91
7.98,12.98
5.26,8.01
7.48,12.46
7.98,11.74
6.67,9.71
8.85,14.64
5.53,7.5
5.38,6.07
8.64,12.02
7.48,10.75
8.44,10.65
7.17,9.74
6.23,9.53
9.1,10.74
9.0,15.04
8.47,13.6
6.36,7.9
7.95,11.96
6.8,9.25
5.46,8.3
9.59,15.44
5.68,5.55
9.75,15.26
7.23,9.77
5.93,7.77
7.71,10.0
9.36,15.95
8.66,13.84
9.03,12.37
8.29,10.33
8.46,11.77
9.25,14.16
6.25,8.54
7.45,11.91
6.11,8.94
9.94,16.05
9.72,14.89
5.2,4.69
8.53,12.12
9.63,15.6
5.9,7.56
7.84,11.72
9.58,13.86
5.17,5.07
8.49,12.13
6.49,9.05
9.62,13.53
9.86,14.46
9.72,13.37
7.37,11.61
9.31,13.41
9.22,15.34
6.6,10.71
9.14,13.36
5.19,5.12
7.98,8.86
6.15,6.3
5.6,5.44
5.38,8.35
8.48,12.41
6.7,9.53
8.62,9.86
5.33,5.15
6.58,9.9
7.7,11.2
8.95,12.94
6.59,9.55
8.13,13.6
9.43,13.71
8.08,11.63
6.16,8.33
5.12,9.09
9.35,11.31
5.11,7.01
9.37,13.73
7.64,11.44
9.7,13.66
8.99,13.13
9.99,15.84
6.75,12.89
8.84,13.87
7.01,8.6
7.4,9.81
8.14,11.1
9.37,11.71
9.92,14.46
8.84,13.79
7.09,8.23
7.11,11.05
8.69,13.22
6.19,7.27
5.55,6.82
6.77,11.11
6.44,9.47
6.48,8.68
6.17,7.82
5.21,6.47
5.09,5.55
9.94,12.36
7.14,12.3
6.92,9.65
8.4,12.59
6.09,7.89
9.75,13.67
8.93,12.85
5.45,4.89
7.09,12.49
9.4,12.43
9.72,13.26
7.34,9.68
8.07,13.07
5.84,7.52
9.96,13.44
6.16,9.59
9.71,15.36
8.25,12.49
8.04,12.33
7.56,13.49
6.15,10.7
5.88,6.76
6.1,9.93
5.93,8.14
8.9,13.62
6.75,7.12
5.29,6.32
9.85,13.75
9.42,14.95
9.64,15.64
9.97,12.46
5.87,7.54
6.98,10.91
8.79,12.6
8.48,13.14
5.77,7.81
9.08,13.75
6.12,7.69
6.12,6.55
7.68,9.49
7.96,12.19
7.9,11.24
5.46,6.66
9.39,13.39
6.33,8.02
5.65,8.42
9.44,13.6
9.78,12.99
9.31,14.65
9.05,13.04
8.28,11.93
7.75,12.89
5.43,6.76
7.04,10.02
6.86,7.94
6.3,8.07
8.62,13.24
7.48,8.6
5.41,6.97
6.1,8.1
8.42,12.2
5.38,7.93
9.26,14.06
7.48,12.23
7.4,9.13
7.96,11.49
9.12,13.52
6.74,7.85
8.39,13.25
7.83,13.88
6.34,8.38
9.39,14.51
8.99,13.28
8.29,11.07
9.25,11.47
9.34,12.96
8.54,10.7
9.19,15.58
8.49,12.14
8.4,11.71
8.09,12.63
8.76,11.43
5.79,6.51
9.4,14.01
9.36,15.08
5.15,6.87
9.13,13.73
5.64,7.25
6.68,9.5
8.72,12.93
5.8,6.21
9.09,13.42
9.16,12.2
7.54,10.66
5.03,5.48
6.44,11.63
8.08,11.5
9.91,13.15
8.16,11.53
6.3,8.96
8.17,13.71
7.7,10.15
8.9,11.12
5.53,7.94
8.81,11.19
7.71,10.35
9.81,14.36
6.71,8.99
8.16,12.52
9.66,13.57
5.51,6.59
9.69,14.42
8.44,12.37
5.34,6.73
6.5,9.23
8.54,13.39
5.34,7.08
7.91,11.78
6.73,7.21
8.1,11.65
5.23,6.99
9.36,14.72
9.87,13.93
9.84,13.93
8.75,12.06
5.65,7.81
8.79,14.07
5.12,5.73
5.11,7.29
6.62,9.06
7.44,10.25
8.85,12.68
8.42,13.05
7.23,10.4
6.37,11.19
9.99,13.95
7.13,10.46
7.26,9.43
5.82,6.43
8.97,13.14
8.47,12.41
6.1,11.49
5.41,6.52
8.4,10.77
8.27,12.22
6.37,5.97
9.75,14.45
5.76,7.38
7.16,10.84
9.72,15.66
7.1,9.17
8.19,11.57
6.99,8.66
6.37,7.11
9.92,15.23
7.05,8.16
9.47,13.55
6.15,6.88
6.07,8.58
5.16,8.44
8.26,10.3
6.84,7.09
9.32,13.63
7.37,10.28
9.84,14.98
5.93,7.13
9.34,13.58
8.88,13.43
8.85,14.19
9.22,11.26
8.81,12.41
8.13,11.89
5.66,6.08
5.16,8.37
9.6,13.53
8.08,11.5
8.98,13.84
7.41,9.62
5.59,4.84
5.63,6.61
8.43,13.41
7.15,9.47
6.0,6.79
7.46,11.54
5.32,6.18
7.91,10.63
6.34,8.6
8.99,14.1
6.55,11.65
7.28,11.09
5.06,7.5
5.36,6.04
6.96,8.3
7.4,10.39
8.0,11.53
6.46,7.33
8.47,12.04
9.3,14.22
8.9,13.45
5.2,6.96
7.4,10.67
5.52,6.34
6.21,7.56
9.93,13.44
5.71,9.42
7.49,10.51
8.09,11.29
8.51,11.21
7.8,14.56
5.05,4.8
6.63,8.42
7.59,11.16
5.44,7.51
6.75,10.31
5.17,8.47
5.39,7.31
6.98,8.31
5.66,6.89
7.84,11.48
8.45,14.69
9.0,11.53
6.0,9.24
5.84,7.72
5.52,7.95
8.18,11.61
8.53,11.35
5.16,7.19
9.68,15.21
5.26,7.63
7.71,10.86
8.55,11.66
9.35,11.97
8.57,13.41
9.01,13.72
6.7,7.9
9.07,12.69
5.4,6.16
9.47,12.27
7.74,9.95
9.09,12.0
7.26,9.58
8.22,10.91
7.63,8.79
8.66,15.01
5.41,8.24
5.3,5.61
6.24,8.55
5.8,7.94
9.36,15.28
6.1,6.99
9.88,16.09
6.68,8.37
5.91,6.04
8.95,13.98
8.29,13.48
7.49,13.59
7.78,9.56
8.6,13.31
6.14,7.56
9.98,15.91
9.87,13.01
8.25,10.34
6.0,6.86
8.4,12.22
5.36,5.88
5.15,7.07
6.29,9.55
7.31,10.88
9.34,15.76
8.64,13.04
8.71,11.22
7.13,11.47
6.73,8.39
6.86,10.43
9.94,16.78
5.2,6.91
9.34,12.01
7.89,10.11
7.19,11.53
8.63,12.32
7.43,10.48
9.37,14.77
9.5,14.94
7.11,10.13
6.38,8.24
7.96,10.96
9.56,15.24
6.05,8.56
8.11,11.3
8.16,12.98
8.67,12.44
5.66,6.16
8.58,11.53
9.55,13.01
5.9,7.29
6.19,9.62
9.86,13.78
5.9,7.85
9.27,12.9
7.46,10.12
6.24,6.41
9.35,13.57
7.23,9.78
7.57,11.28
6.8,9.5
7.96,9.9
5.82,8.77
6.96,9.77
9.85,14.96
6.29,8.31
8.28,11.29
6.63,9.19
8.87,13.53
5.65,5.08
9.85,14.08
7.27,9.78
6.18,8.43
5.37,8.09
5.85,6.6
7.6,10.08
6.69,8.42
9.14,12.5
7.15,9.46
6.24,9.16
8.09,10.29
8.53,12.87
5.84,5.46
5.84,6.83
5.18,5.93
8.68,14.64
8.32,11.64
7.37,7.63
9.22,11.2
9.03,13.29
7.93,12.0
9.34,14.26
6.03,8.05
5.56,8.4
6.35,7.78
5.29,7.59
7.66,8.82
9.68,13.34
5.2,4.19
5.61,6.77
7.26,10.01
9.67,14.54
6.58,8.92
7.54,9.45
5.21,6.15
5.74,5.54
9.93,16.52
9.83,14.32
5.02,5.46
9.76,16.47
8.2,10.26
9.34,12.46
7.27,8.78
7.58,10.56
7.44,10.92
8.33,12.89
5.7,10.34
5.15,3.57
6.54,9.5
8.52,11.67
6.01,7.11
8.37,11.32
9.85,13.64
5.47,8.87
8.36,13.06
7.22,10.02
9.34,15.43
5.89,5.78
8.46,10.64
9.19,10.93
9.72,13.66
8.42,12.34
7.49,10.6
8.09,11.74
9.34,12.13
7.85,12.1
5.15,6.56
9.65,15.26
8.45,9.93
8.38,12.46
6.08,6.52
8.29,11.45
6.97,10.19
8.26,11.97
5.53,5.94
8.29,11.93
10.0,13.16
5.24,7.81
9.89,14.55
7.03,11.0
9.35,13.2
8.91,12.41
7.84,10.19
8.69,13.7
9.39,13.06
7.02,10.41
6.64,8.48
8.34,9.64
9.04,12.59
8.81,11.45
8.99,13.22
7.18,8.49
9.09,14.47
5.6,6.97
7.72,10.69
5.03,6.84
6.62,10.08
6.83,9.27
6.98,8.64
8.48,10.13
6.94,8.67
7.24,9.3
6.19,8.27
6.87,8.95
6.14,8.87
5.37,5.92
8.02,11.36
8.34,13.43
8.1,11.99
7.32,10.1
6.9,8.7
9.32,13.01
7.6,9.65
7.4,9.66
5.13,7.14
6.71,8.8
6.9,7.8
6.99,11.71
7.9,11.61
7.67,9.11
8.04,10.94
8.82,13.02
9.06,15.36
8.59,11.13
9.78,15.77
5.09,7.84
5.98,7.01
5.04,5.74
8.24,10.58
9.49,13.84
6.22,8.15
9.64,15.13
5.3,7.85
9.67,13.51
6.76,6.8
5.51,6.89
7.43,10.73
6.28,8.61
6.42,8.17
6.54,8.92
9.02,15.05
7.7,11.31
6.56,8.35
8.05,10.89
8.58,12.24
6.36,10.42
7.07,9.5
5.61,7.07
5.91,7.05
8.41,13.45
5.91,9.98
7.63,11.27
8.55,12.48
5.53,7.01
7.84,8.24
6.28,9.2
9.81,14.83
7.42,10.87
9.03,12.4
7.75,10.49
5.22,5.9
8.17,12.92
9.76,14.11
8.01,13.91
9.1,13.89
9.42,12.43
6.14,7.9
6.06,7.13
8.05,8.87
7.06,11.62
9.2,14.4
9.5,14.74
6.77,9.38
6.18,6.47
8.9,12.44
6.37,9.48
9.11,12.14
7.12,6.78
8.34,11.74
5.48,6.69
8.12,11.78
7.26,10.94
7.93,12.04
5.84,7.82
8.68,14.07
9.31,11.94
6.08,8.56
5.48,7.61
5.12,4.73
8.21,9.97
8.04,10.57
7.73,10.13
6.16,8.99
6.95,8.78
7.97,10.32
7.48,9.74
9.94,16.23
5.68,7.24
8.48,12.04
7.02,9.51
7.14,11.4
8.59,11.56
8.46,13.81
9.96,15.17
5.64,6.96
5.52,9.94
8.62,11.25
7.89,10.78
6.37,6.99
5.4,7.86
5.43,8.8
9.47,16.05
5.96,9.2
6.62,8.67
6.13,7.6
6.77,7.19
5.35,9.07
7.6,11.23
5.34,6.02
9.0,14.8
6.17,6.94
7.7,11.35
9.4,13.71
8.25,12.62
7.66,10.72
6.62,7.18
6.67,9.09
8.35,13.28
9.97,14.91
8.31,12.89
7.79,9.77
8.65,12.54
7.33,9.44
5.3,7.44
7.81,11.1
9.79,15.45
5.88,8.88
8.45,13.04
6.0,8.14
7.68,9.62
5.48,6.87
7.25,9.41
8.78,12.39
6.74,8.68
8.32,10.81
8.98,10.81
9.64,13.54
6.17,8.34
7.0,7.98
5.76,7.39
9.96,17.21
9.64,15.57
7.7,12.83
9.21,14.05
7.6,12.09
8.12,10.74
5.45,6.03
8.78,9.51
5.64,8.57
9.13,15.28
8.91,12.37
8.54,12.07
5.18,5.42
6.52,9.19
6.32,9.72
6.8,7.15
5.44,7.28
9.68,14.1
7.77,11.12
6.53,9.3
6.98,9.35
7.24,9.9
8.0,11.15
7.58,11.81
9.6,14.78
7.48,10.74
9.96,13.4
9.26,13.21
6.04,8.95
9.65,14.42
5.58,7.84
9.09,15.48
6.9,10.67
9.39,14.01
9.34,13.2
9.03,10.19
8.95,12.91
6.52,8.35
5.4,7.2
7.01,9.44
5.87,7.18
8.47,10.12
6.73,7.99
9.88,15.35
8.2,13.83
9.11,13.29
5.66,7.59
9.31,14.9
9.61,13.33
7.44,10.82
8.03,10.57
8.82,13.92
5.87,7.76
7.51,10.88
6.99,8.65
5.73,8.17
6.84,11.81
5.34,5.4
5.13,5.82
5.68,7.49
9.82,15.61
7.75,10.27
9.83,11.29
7.16,11.52
6.56,9.72
7.53,8.46
7.2,9.23
5.53,8.83
8.2,13.5
6.08,9.07
8.1,11.36
8.25,11.95
5.76,7.21
5.31,7.91
8.9,11.98
7.3,9.17
5.29,7.74
9.97,14.9
5.29,8.17
8.48,11.45
9.92,14.79
6.2,7.05
5.71,7.29
5.61,5.32
6.52,8.14
5.51,5.19
8.46,13.06
5.31,7.42
7.55,8.51
9.98,16.57
9.07,16.32
8.08,11.59
6.53,7.99
8.12,15.0
7.64,9.16
7.13,9.86
5.65,7.39
9.43,15.59
7.25,10.48
5.97,7.15
6.84,8.17
7.07,9.32
9.14,12.24
8.67,12.66
8.85,12.25
5.06,4.31
7.08,11.25
7.41,9.73
5.1,4.65
6.3,8.14
8.8,12.92
5.69,5.14
7.68,11.22
6.08,6.68
5.06,8.16
6.21,8.8
9.88,14.3
9.01,12.32
9.8,14.51
7.44,11.13
5.55,6.96
7.74,10.67
7.27,10.16
9.22,12.87
5.49,6.47
7.44,7.89
5.75,8.52
6.62,9.28
8.69,11.71
7.38,12.56
6.88,9.49
6.97,8.31
7.3,11.16
8.93,13.54
9.46,14.5
9.78,14.09
8.93,13.62
6.58,8.52
8.44,12.86
7.19,7.65
6.27,7.77
9.2,15.63
5.19,5.43
9.51,13.39
7.31,9.62
8.19,10.28
8.3,9.28
9.48,13.78
8.18,11.89
8.07,11.46
5.33,6.43
7.59,10.72
5.75,8.58
8.69,12.41
7.56,9.92
8.4,11.78
5.21,7.07
5.42,8.46
8.58,11.69
5.36,6.77
5.36,7.05
5.06,4.92
9.78,14.63
8.69,10.88
6.77,7.06
6.48,9.11
6.75,8.69
8.87,13.21
8.31,11.93
5.93,6.5
5.87,7.51
5.49,5.41
8.3,13.61
8.82,11.25
6.33,8.15
5.1,4.94
5.41,7.42
9.84,14.31
6.48,8.04
8.85,13.95
8.12,11.66
6.91,10.06
6.03,6.67
5.61,5.41
8.08,11.66
8.87,12.59
8.22,12.55
7.65,10.68
5.21,6.62
9.84,12.77
8.99,15.45
6.46,8.44
9.9,15.66
8.01,10.41
7.91,11.61
8.74,11.17
9.06,13.85
8.28,11.48
5.64,7.19
6.69,9.88
9.64,12.87
6.12,7.2
6.86,9.9
7.16,12.41
7.2,9.79
8.06,12.23
9.72,14.36
6.2,10.5
5.61,5.0
5.99,7.89
9.43,12.03
8.23,8.8
6.43,8.93
9.08,13.51
9.31,13.41
9.23,13.49
9.59,17.99
6.26,7.96
8.78,13.41
7.3,9.37
9.21,13.93
8.64,12.27
8.88,12.5
8.28,14.09
5.89,9.01
7.73,11.07
9.92,12.1
9.69,14.0
5.22,9.63
5.82,7.21
5.66,8.51
8.63,14.26
9.09,13.62
6.07,6.91
7.53,7.63
9.2,14.39
8.66,11.62
7.71,11.09
7.95,9.81
7.54,10.26
6.49,8.72
7.83,11.41
8.44,10.86
9.37,15.3
8.18,11.01
8.81,10.84
5.8,7.31
7.31,10.2
5.05,6.28
6.23,9.85
8.63,12.25
9.96,14.78
5.5,5.57
7.01,10.6
9.0,13.42
6.02,7.33
7.78,8.71
8.67,14.33
8.08,10.07
5.94,6.98
6.78,9.63
8.92,11.62
7.77,9.2
5.03,3.5
8.8,13.71
5.18,5.66
8.73,16.22
6.01,6.63
9.79,13.52
6.84,8.63
6.63,9.23
5.74,6.78
6.53,9.49
9.38,12.72
9.98,13.31
6.84,7.16
7.24,7.37
8.61,11.88
9.43,13.61
7.97,10.58
6.96,11.02
7.06,11.19
8.48,11.86
5.02,3.88
8.1,10.9
6.78,8.48
8.97,12.36
5.46,6.0
7.94,10.51
7.4,9.86
8.21,11.02
5.32,6.83
7.9,11.65
7.81,9.96
7.8,12.57
8.02,10.26
8.38,10.15
9.02,13.7
6.35,7.45
9.13,13.81
7.49,7.6
5.39,8.36
5.29,7.33
6.67,7.21
8.92,11.29
8.54,14.38
8.94,12.21
7.59,9.65
7.2,7.24
5.74,6.91
6.64,8.68
7.17,10.76
5.44,5.12
6.1,6.16
7.99,11.93
8.68,13.83
9.99,13.1
9.67,15.7
8.21,11.83
7.11,11.1
8.18,11.64
8.93,10.04
5.59,6.88
7.05,10.96
9.2,12.49
6.92,8.99
7.86,10.94
7.94,7.81
5.92,9.67
6.81,8.18
6.67,9.62
5.13,6.13
5.12,7.73
9.16,13.97
6.37,8.18
7.59,9.59
6.49,9.65
9.7,12.22
6.3,9.11
7.15,8.55
9.36,15.36
9.21,13.77
5.93,8.45
9.01,13.32
7.29,8.02
7.41,9.31
5.67,8.01
5.4,6.93
8.64,13.97
7.48,10.95
7.18,8.77
8.65,11.61
8.83,13.01
5.79,4.65
8.05,13.5
5.68,7.75
8.76,14.23
8.28,10.02
9.78,16.1
5.34,9.3
5.29,4.93
6.41,9.47
6.31,8.36
6.23,6.37
9.53,14.75
6.25,9.25
6.36,7.73
8.8,14.23
7.25,8.05
8.88,11.2
5.33,6.75
7.44,10.42
5.17,5.44
5.31,7.54
9.53,14.8
5.7,8.28
7.66,10.64
7.06,10.42
6.74,8.59
9.5,16.56
5.11,5.22
8.32,14.5
9.82,14.71
7.8,9.39
9.68,16.07
5.26,6.62
7.09,10.79
6.3,9.81
8.65,12.98
9.91,14.12
6.28,9.48
8.27,11.89
5.99,8.61
7.83,8.5
7.32,10.71
9.86,13.98
8.04,13.46
6.75,9.89
5.57,7.31
5.76,7.94
6.13,6.83
6.25,10.21
9.25,16.05
7.81,11.52
7.62,12.62
5.57,6.35
9.3,12.78
8.61,12.55
5.34,7.13
8.54,11.9
7.72,11.54
5.41,7.1
7.29,8.93
7.42,10.98
5.83,8.53
9.73,14.72
9.25,15.03
8.35,10.56
7.31,10.72
7.06,8.3
8.25,10.52
7.73,10.15
5.31,5.43
7.56,9.95
9.03,13.0
7.3,11.14
5.26,6.08
8.93,11.17
6.01,9.18
6.29,7.32
5.82,7.41
6.65,9.51
8.78,13.05
7.6,11.99
6.02,8.42
9.39,12.87
9.4,16.53
9.35,14.07
6.19,7.97
7.26,11.22
9.92,15.16
8.86,13.43
5.14,9.24
5.33,6.26
7.32,9.79
9.55,14.32
7.69,12.13
7.49,8.67
5.53,4.59
8.28,11.21
9.11,11.44
6.9,8.91
8.88,13.58
9.82,13.61
6.02,6.12
7.62,10.79
6.44,9.62
8.96,11.1
7.89,12.18
8.17,12.69
8.99,14.33
6.98,11.03
9.58,16.88
7.67,10.37
5.79,7.55
8.48,11.76
8.97,13.14
6.58,10.69
9.29,12.1
9.53,13.12
6.38,10.14
9.92,16.08
5.7,6.83
6.01,8.84
5.92,8.07
9.47,15.85
8.27,11.98
5.76,8.6
7.2,13.13
8.08,12.26
5.42,6.81
9.41,14.81
9.02,12.79
7.53,13.41
9.84,14.92
7.09,9.43
9.92,13.85
8.34,13.33
8.17,12.75
5.83,6.9
9.41,14.63
7.14,8.04
5.81,7.68
5.06,6.66
7.8,13.09
7.64,9.82
8.6,10.94
9.45,12.94
5.4,5.11
8.66,14.19
5.94,9.55
9.29,14.11
9.1,14.84
7.7,11.03
8.55,12.28
6.57,8.43
7.36,9.87
9.11,11.54
7.3,10.45
6.79,9.17
7.47,11.34
9.14,13.57
6.68,8.82
5.87,6.52
8.56,12.49
9.13,14.32
5.5,5.53
6.2,8.26
5.71,7.56
6.74,8.27
7.25,9.35
8.74,13.02
8.26,10.5
8.1,12.01
6.76,8.1
9.21,14.85
7.36,13.05
9.9,13.78
8.17,12.35
5.63,6.26
8.38,13.33
6.63,7.41
8.43,12.75
5.35,5.58
5.87,7.33
9.28,12.46
6.14,9.03
9.19,12.53
6.4,9.18
8.21,11.37
8.47,12.11
7.56,10.79
6.53,7.83
6.06,8.17
5.17,8.14
6.52,7.8
8.27,13.28
9.69,16.24
9.36,12.86
8.83,11.15
8.94,13.46
8.32,11.33
6.3,10.58
9.54,14.21
8.35,11.07
7.8,9.67
5.55,8.31
7.24,9.34
7.3,10.2
9.32,14.93
7.73,10.34
6.9,9.37
9.88,14.77
5.55,7.82
7.11,10.51
5.21,6.11
8.7,12.74
9.59,13.82
6.4,6.75
9.29,14.03
6.46,10.9
9.55,13.14
8.77,11.86
9.02,12.2
5.09,7.03
9.81,15.2
8.63,12.35
6.52,7.64
9.15,13.58
6.41,6.66
9.36,14.03
5.56,8.06
8.52,10.83
7.7,9.03
5.48,8.76
6.21,7.44
5.06,7.47
7.34,10.03
6.51,8.52
7.99,11.91
6.49,7.61
6.5,8.86
8.72,12.23
5.24,4.85
9.51,14.53
9.26,13.35
8.34,11.82
7.97,9.89
9.46,15.94
5.93,8.72
5.39,7.87
6.2,7.79
8.97,11.08
5.17,8.66
7.91,11.17
9.98,14.06
9.28,14.2
7.61,12.09
5.32,6.55
9.16,15.02
7.99,12.69
5.57,5.74
5.47,6.04
9.55,15.34
8.35,8.77
9.15,13.28
9.39,12.19
7.86,10.57
7.59,10.3
7.15,9.44
6.58,8.19
7.17,8.59
8.87,15.72
8.01,13.66
9.46,12.64
7.22,11.89
8.04,10.98
8.16,11.84
7.96,11.25
8.51,11.53
6.19,9.32
7.56,10.76
5.52,6.37
6.92,7.9
7.44,9.32
8.26,9.9
9.75,14.57
8.0,9.97
8.72,12.37
7.53,12.2
8.17,13.15
5.35,6.6
6.27,8.19
6.81,11.51
7.36,10.88
5.23,6.02
5.7,5.55
6.38,8.96
9.86,15.74
6.66,8.22
7.41,10.69
5.98,7.33
8.05,11.28
6.4,5.54
6.03,7.6
7.58,11.81
5.03,5.29
5.04,6.13
6.1,7.06
5.18,6.76
5.54,6.71
6.69,7.92
9.01,14.82
7.86,12.26
7.56,9.89
6.47,9.24
9.66,15.03
6.99,10.34
5.44,4.75
8.09,12.76
5.57,6.34
6.73,8.68
7.54,13.73
9.37,14.23
7.47,9.98
8.51,9.67
9.96,16.6
5.66,5.57
6.37,7.27
6.97,9.15
7.11,11.5
7.06,10.63
9.54,13.98
8.57,12.8
8.04,10.75
6.55,8.95
9.12,13.5
9.78,15.76
9.11,14.55
5.01,6.61
8.18,11.29
5.26,7.35
6.29,8.21
5.3,5.24
8.02,10.95
8.43,12.28
5.57,8.12
6.92,9.23
7.28,8.66
6.85,9.39
5.61,7.23
7.09,9.99
8.76,13.86
5.36,7.86
5.4,6.01
6.77,8.45
9.71,13.23
8.34,12.86
8.39,13.85
6.81,8.88
7.97,11.05
5.05,7.85
8.18,12.33
9.57,14.74
8.06,10.08
9.37,14.68
8.62,11.4
5.6,5.72
9.51,13.71
5.33,5.9
7.67,10.54
5.71,5.55
5.06,7.26
7.11,11.15
6.48,6.32
7.43,11.55
7.89,10.22
5.22,7.42
5.62,7.02
7.79,11.06
6.72,8.87
8.65,14.02
8.26,10.38
9.23,14.34
8.46,13.55
7.15,10.73
8.36,14.85
6.38,7.84
6.53,9.91
8.94,12.97
7.23,11.5
8.99,13.18
9.11,12.94
9.29,15.29
9.58,13.66
7.15,8.18
6.59,8.25
7.91,11.98
6.86,11.01
8.01,11.54
8.53,13.93
8.44,10.57
6.87,8.84
5.83,7.16
7.15,9.74
5.71,7.38
9.45,14.84
6.73,8.58
5.77,7.56
5.13,6.17
8.23,10.7
8.18,11.6
6.7,8.89
5.36,6.45
7.05,9.72
6.56,8.89
8.39,11.58
8.03,12.98
6.82,7.88
6.09,7.1
9.94,18.23
7.27,8.84
8.44,10.57
5.7,8.15
7.43,7.88
5.14,5.97
7.53,13.12
9.82,12.82
6.92,7.08
5.19,4.55
5.15,7.36
6.94,10.84
5.8,6.83
5.12,7.03
8.78,14.47
7.29,12.27
6.45,8.31
9.5,11.34
5.58,6.06
9.78,14.09
6.57,8.51
9.44,13.77
8.01,12.77
9.13,14.97
9.92,14.65
6.44,9.91
9.81,15.08
6.95,9.58
6.93,10.56
6.7,9.15
7.71,13.34
5.77,5.66
7.77,10.37
7.71,10.72
8.81,13.38
9.17,15.02
7.2,9.93
6.51,7.01
6.3,9.35
5.97,8.66
5.29,4.19
6.71,9.08
6.35,6.52
9.83,13.9
7.79,9.94
6.74,10.1
7.9,11.36
5.7,5.71
7.22,11.05
8.13,9.92
7.44,10.8
7.01,8.64
9.97,14.51
9.4,14.53
8.12,12.24
7.85,12.73
8.1,11.49
6.01,8.18
6.98,9.03
5.2,6.57
7.38,10.81
7.72,10.77
6.14,5.89
9.82,15.07
9.55,14.62
8.61,11.68
7.67,9.26
9.35,15.6
5.65,7.77
8.95,12.84
5.62,5.76
8.97,12.16
6.38,10.05
9.39,14.06
9.72,13.84
5.74,7.95
7.31,9.19
9.9,16.63
7.42,11.97
9.32,13.21
7.94,10.54
6.88,6.24
6.43,6.79
6.02,6.22
8.81,13.02
6.93,9.09
7.56,8.99
7.46,10.09
7.89,11.8
9.33,14.42
9.9,12.55
7.04,9.51
9.14,11.79
8.82,13.96
7.87,12.1
9.78,13.53
6.0,6.89
5.55,6.43
9.27,10.98
7.2,10.36
9.23,13.3
9.47,15.2
5.31,5.24
9.42,13.21
7.24,8.23
7.55,9.39
8.13,10.22
9.63,15.53
5.1,5.33
7.38,10.44
8.44,11.73
8.61,10.98
8.46,12.03
5.67,7.93
6.5,7.25
6.79,10.2
9.02,12.22
6.39,7.93
6.05,8.53
9.79,13.82
5.04,6.12
9.99,14.6
8.38,12.25
9.14,10.6
6.47,6.46
5.07,6.87
8.69,13.89
9.17,12.41
8.7,12.37
5.71,7.64
8.77,13.61
8.84,10.49
8.29,10.86
8.83,12.5
9.23,14.46
8.07,14.52
5.44,6.52
7.44,8.7
5.39,7.18
7.04,11.25
7.04,9.79
5.33,5.51
6.74,10.29
5.55,7.8
9.04,12.04
9.74,14.99
5.36,7.85
9.78,16.01
7.61,10.62
6.5,8.27
5.38,8.16
7.5,9.05
8.97,13.68
8.54,10.72
5.25,7.73
5.36,6.35
7.01,11.15
6.48,9.25
6.16,6.62
6.41,10.24
9.02,15.09
9.65,15.42
7.03,8.73
9.53,13.79
6.61,9.07
7.38,9.44
6.13,10.07
8.2,11.94
9.89,11.57
8.02,11.84
6.79,8.8
8.24,11.74
5.61,6.66
9.44,14.97
7.52,11.87
7.25,10.38
7.93,10.87
8.12,11.57
5.36,6.67
8.41,11.18
6.21,8.87
8.57,12.98
9.11,15.25
9.02,14.74
7.76,10.15
7.6,11.67
5.71,6.14
8.88,13.81
6.36,7.82
7.48,9.24
6.42,8.89
5.67,3.99
8.15,9.56
5.27,6.28
8.74,12.84
6.59,8.42
5.0,4.11
7.56,9.62
5.23,6.89
6.38,9.18
8.53,12.34
5.31,7.95
9.2,14.03
5.02,5.14
6.23,7.88
8.7,10.98
6.58,8.72
5.51,8.25
6.8,10.06
6.35,10.12
9.21,13.22
6.57,10.44
8.94,12.87
9.46,15.79
7.17,9.88
9.55,15.04
6.89,11.17
9.82,14.44
5.45,7.07
8.44,13.73
7.47,10.28
6.94,7.9
8.16,14.27
8.52,11.77
5.02,6.23
5.83,8.89
8.57,11.69
8.33,10.79
9.83,15.0
8.81,10.7
9.75,14.21
8.51,12.62
6.49,8.36
5.53,5.1
8.91,14.95
8.22,11.92
5.24,8.15
6.8,8.93
9.78,13.56
7.5,10.83
7.16,9.64
7.29,8.71
6.04,9.64
6.84,8.57
6.85,7.12
5.26,8.06
8.84,12.3
7.08,9.02
9.11,11.28
9.25,15.74
6.06,6.36
8.29,11.99
7.36,11.35
9.4,14.43
6.08,7.87
8.39,10.06
8.04,10.5
6.48,8.88
5.68,6.28
8.26,12.11
8.69,13.47
6.58,10.0
8.22,10.33
6.98,12.19
8.57,13.34
6.0,7.79
9.45,15.32
6.44,11.43
6.84,7.58
5.29,6.25
5.56,4.15
7.58,10.87
6.34,8.85
9.18,13.47
5.07,5.35
6.9,6.95
6.69,9.48
5.1,7.92
5.62,6.41
7.07,10.25
7.46,8.55
7.02,10.19
7.65,10.31
7.98,10.44
5.05,5.18
7.32,9.7
9.82,15.13
7.6,9.1
8.39,11.62
6.56,8.76
8.87,11.65
8.86,15.11
7.61,9.67
9.88,13.98
5.63,5.96
5.08,8.31
8.85,13.59
9.04,12.14
5.6,8.41
6.33,8.63
5.09,6.47
6.47,8.23
8.87,12.06
7.59,11.07
6.74,8.48
6.86,11.53
5.01,4.49
6.5,10.54
8.23,11.68
9.87,15.13
9.24,14.62
5.12,5.46
9.49,15.12
8.92,9.8
8.9,12.16
7.29,9.01
6.99,8.08
6.51,8.47
5.33,7.05
6.14,8.9
6.23,8.51
7.42,9.56
8.74,13.17
7.37,10.41
5.29,7.64
9.79,15.55
9.71,14.52
8.93,11.99
9.96,14.14
7.72,10.24
9.81,14.29
5.38,7.0
6.83,10.15
6.13,7.97
5.98,7.78
5.7,7.44
8.11,10.98
8.91,11.92
7.89,9.1
5.73,6.49
9.06,13.87
8.18,10.88
6.94,9.21
8.37,12.63
6.3,8.96
6.73,7.81
9.59,15.45
6.45,9.97
7.35,8.87
9.45,13.02
8.54,13.8
5.31,6.38
5.74,4.66
5.04,4.39
8.15,11.38
7.24,8.63
5.67,6.71
9.79,14.66
7.65,12.52
6.21,7.83
7.5,11.79
8.4,13.83
5.38,8.41
6.37,8.81
9.03,10.91
7.3,10.69
7.73,12.18
7.16,9.8
5.22,8.49
5.83,8.52
7.23,10.69
6.05,9.19
5.25,6.85
9.22,10.6
9.91,14.23
8.97,14.57
9.27,12.71
6.21,7.91
9.8,13.39
5.98,9.91
9.76,16.58
9.97,13.89
8.56,12.58
9.91,14.01
7.85,11.86
6.3,8.95
7.18,10.91
7.97,11.74
5.37,10.18
8.11,10.37
9.91,12.78
5.95,7.24
8.96,11.25
9.54,12.38
9.72,13.29
9.8,13.53
7.61,9.55
9.89,15.42
8.79,12.21
5.81,7.24
7.38,11.37
8.59,11.55
6.24,7.91
8.2,12.2
8.33,9.67
5.81,4.6
7.83,11.5
8.86,13.54
7.49,12.97
5.06,6.3
5.05,7.07
6.79,8.98
9.63,14.69
6.14,10.06
8.17,9.16
6.11,8.5
6.61,11.46
9.24,13.97
8.64,14.54
5.48,6.1
7.14,9.82
5.15,6.3
7.4,7.67
8.31,10.56
5.59,5.75
6.44,9.59
6.99,10.63
9.6,14.66
9.97,15.93
5.22,6.21
8.81,14.29
6.86,9.36
6.96,9.6
8.77,12.47
9.59,15.09
9.75,14.05
7.89,12.37
6.79,7.86
8.94,11.77
6.26,9.08
7.82,10.97
6.79,8.68
8.28,12.98
6.2,7.43
5.96,7.48
9.59,15.94
5.51,8.76
7.53,12.44
6.1,7.65
5.19,7.83
5.18,5.19
5.88,6.49
9.33,10.98
6.41,10.55
9.75,13.52
7.91,11.08
7.18,8.84
7.9,12.05
7.58,10.2
8.79,11.26
6.41,9.07
6.77,7.46
9.47,13.04
9.73,11.99
9.46,12.32
7.1,9.99
8.9,10.67
7.38,8.51
7.49,10.48
6.02,7.19
7.96,13.71
5.93,9.88
6.66,7.94
9.28,14.36
6.04,8.76
5.36,5.92
5.35,4.83
9.7,14.45
7.53,10.35
7.05,9.16
9.05,13.83
9.18,12.62
6.66,7.61
8.47,12.37
8.86,13.4
8.27,10.48
5.76,8.48
9.38,11.76
7.7,10.16
6.41,8.23
7.13,9.06
5.19,5.66
5.64,9.4
8.83,11.87
5.0,8.93
7.08,10.27
7.61,10.81
5.27,7.06
9.87,17.79
6.13,6.84
6.52,7.39
6.52,7.83
6.15,8.11
5.01,3.94
8.65,12.59
9.83,16.73
6.12,8.2
8.32,11.62
8.71,11.94
9.24,14.71
7.11,8.81
6.51,10.94
6.63,11.25
8.56,12.72
9.08,13.34
5.91,8.87
6.85,10.65
9.51,13.15
9.03,12.63
9.92,13.28
8.77,13.28
6.97,10.34
7.95,9.7
8.31,11.4
5.39,5.09
7.72,9.82
8.55,13.05
5.84,6.63
8.9,12.66
7.92,9.3
9.76,14.79
5.21,6.33
6.33,7.51
8.01,11.19
6.48,8.89
8.57,11.45
8.8,11.06
5.51,9.09
7.57,9.86
7.54,10.46
6.85,10.54
9.66,18.63
9.14,11.95
8.49,12.81
8.57,11.58
7.31,9.51
9.6,13.42
8.47,10.9
8.64,12.51
9.31,11.99
6.37,9.6
9.04,13.33
5.98,8.26
6.73,8.55
6.68,8.58
9.89,15.15
9.28,12.31
8.51,11.88
8.64,11.51
7.81,9.99
9.74,11.99
7.48,12.07
6.9,8.6
5.82,8.86
8.93,14.36
8.67,11.07
6.92,8.15
5.13,9.3
9.19,15.65
5.06,6.06
8.52,12.64
9.85,13.98
7.19,10.46
6.17,7.25
8.52,9.91
9.09,11.77
7.73,10.94
9.84,13.35
5.26,6.38
7.52,9.25
8.59,11.53
9.31,14.79
5.9,7.91
9.0,13.19
7.76,12.03
6.98,10.15
5.66,8.92
9.33,13.24
5.79,6.9
6.55,7.23
6.45,8.1
9.36,15.0
8.36,13.61
8.98,14.32
6.25,6.1
8.12,12.92
7.86,8.94
9.16,14.57
9.53,13.71
5.06,6.95
8.37,10.47
5.26,7.87
7.74,9.18
6.44,7.79
6.53,7.56
6.76,7.07
8.11,11.71
6.67,11.17
8.66,15.79
7.02,9.76
5.34,7.96
8.92,13.33
6.43,9.17
7.16,9.48
8.43,12.4
6.66,9.64
5.28,5.82
6.87,9.27
9.72,14.43
8.21,12.77
8.36,10.76
8.16,11.63
5.99,10.09
7.09,11.16
8.75,14.38
5.51,6.94
6.39,8.89
6.38,9.69
7.16,11.76
9.9,12.48
5.34,5.03
7.59,12.24
5.9,7.28
9.85,13.93
5.57,5.51
7.02,8.97
8.69,10.96
8.52,14.85
7.11,9.78
6.73,9.05
6.99,10.28
6.32,9.53
6.03,8.98
7.42,11.64
6.34,7.66
6.44,8.23
8.28,12.83
9.84,14.08
8.02,11.43
5.38,7.17
5.38,7.62
9.76,12.43
6.49,9.53
5.46,6.55
8.0,12.24
8.12,12.55
8.24,13.77
6.34,10.03
5.08,7.75
9.83,16.42
6.25,8.61
8.38,12.12
8.53,13.41
8.05,12.37
6.56,8.45
6.36,8.93
7.99,11.34
9.33,12.77
9.73,16.07
5.53,7.02
5.77,9.85
9.72,12.55
8.68,11.96
9.41,13.99
6.01,9.19
7.94,11.77
8.51,12.68
8.4,10.77
7.04,8.29
5.08,6.53
7.91,9.61
6.27,7.64
7.25,10.65
9.79,13.44
7.0,11.52
9.2,15.03
5.94,5.81
8.36,10.93
9.89,12.05
5.51,5.98
5.04,6.99
7.17,9.41
5.46,7.39
8.74,10.91
9.57,15.19
7.17,9.24
6.29,8.34
7.17,9.8
8.62,10.99
5.05,4.7
7.95,12.47
8.07,12.0
8.19,13.0
6.21,8.57
8.57,12.6
5.46,4.75
6.0,7.47
9.39,13.86
8.69,14.99
5.07,6.95
6.24,10.08
6.07,8.65
6.35,7.58
6.24,8.37
5.31,6.85
7.29,9.0
8.66,12.13
8.03,11.21
8.36,13.98
5.41,4.23
9.76,16.01
9.19,12.42
9.03,11.6
9.11,14.82
9.66,15.27
7.72,12.4
6.0,8.76
8.08,14.02
8.71,13.36
8.69,12.45
7.61,11.1
5.34,8.11
6.86,8.4
9.6,13.5
7.92,10.89
7.69,8.32
6.34,8.59
6.84,7.05
9.48,14.12
8.33,13.04
8.94,12.51
7.27,12.1
8.15,9.92
6.24,9.66
8.53,13.16
7.14,7.79
7.21,13.24
8.25,11.77
9.68,13.37
5.32,4.89
9.12,13.16
6.46,8.48
7.22,10.12
5.11,5.84
6.51,9.47
7.51,10.06
5.28,4.18
7.46,10.24
9.64,11.5
5.53,7.37
8.82,11.7
7.05,9.88
8.28,13.47
6.3,7.2
5.8,8.71
5.8,6.92
5.35,8.74
5.93,7.23
8.32,10.97
9.41,14.76
9.07,12.8
8.43,11.16
5.55,6.42
6.45,8.55
6.55,10.4
6.25,5.93
7.58,10.66
7.68,11.57
6.78,9.44
6.77,10.76
9.14,13.37
8.95,12.88
6.54,9.48
9.57,14.34
9.76,14.11
6.63,9.56
6.77,8.41
7.53,9.82
9.71,13.84
9.38,15.51
5.51,3.06
6.96,10.01
7.77,11.02
7.52,8.51
5.97,8.12
9.29,14.3
8.38,12.8
9.19,10.36
9.29,15.37
8.74,11.85
7.2,10.78
8.05,12.38
5.8,6.39
8.37,12.86
5.9,7.15
8.47,9.76
6.15,9.47
5.59,6.13
5.83,6.46
5.01,5.53
8.59,12.8
8.66,12.52
7.57,11.29
5.81,5.84
5.42,5.86
5.1,6.03
5.83,9.77
9.45,13.88
6.21,9.48
6.77,9.23
5.53,6.37
6.11,7.71
7.6,10.47
8.04,12.19
6.23,9.86
5.29,6.95
6.96,10.94
6.17,6.95
6.1,7.48
9.8,13.77
8.08,11.92
7.78,10.58
7.08,10.62
7.14,8.74
7.7,10.92
8.48,13.09
8.51,9.84
5.86,10.09
7.5,10.16
7.06,7.28
9.35,14.02
8.16,11.72
7.66,10.69
5.58,8.23
8.03,12.35
5.59,7.41
6.69,9.58
5.71,7.16
8.46,14.36
6.03,6.08
6.96,9.69
9.48,14.14
6.02,8.81
7.54,9.56
7.1,7.68
5.09,6.35
8.96,13.47
5.35,8.41
7.37,8.74
7.8,12.43
8.14,14.5
8.44,11.74
6.27,6.73
5.05,5.6
8.62,12.53
7.68,11.5
9.18,12.82
9.11,15.26
9.22,12.25
7.43,8.28
6.67,10.33
8.96,10.39
7.26,9.82
5.92,11.39
9.27,13.68
9.41,12.6
7.33,10.13
5.38,6.62
6.94,9.68
9.02,14.03
9.51,12.87
6.02,9.86
5.33,6.9
9.39,14.77
6.95,8.75
7.71,12.42
9.84,14.4
5.33,6.93
8.24,10.72
5.37,5.47
6.88,10.21
9.02,12.7
7.17,8.88
9.99,14.2
7.8,11.87
6.61,8.14
6.1,7.84
6.75,9.17
6.86,7.05
5.34,4.85
6.85,9.73
7.32,9.29
8.61,13.77
8.28,13.07
8.54,13.24
5.04,8.26
6.09,7.86
8.31,12.73
7.42,9.65
5.03,8.99
9.02,15.62
8.86,12.97
7.74,11.4
5.33,8.23
8.83,12.72
7.92,10.47
8.91,14.09
8.76,12.86
9.02,13.45
7.59,9.66
5.7,5.2
8.36,12.32
8.1,12.67
8.71,12.41
5.85,9.25
5.97,6.91
9.45,12.75
8.75,12.67
9.54,14.07
8.79,13.75
7.99,10.44
8.27,13.53
9.45,16.36
7.89,11.16
8.16,13.19
5.78,6.14
7.37,11.56
8.58,13.7
6.35,9.47
6.01,7.8
6.57,5.28
6.21,7.4
6.07,7.18
7.12,8.65
9.54,14.32
7.54,10.06
5.94,6.7
5.38,5.42
8.48,11.41
6.91,10.79
9.11,12.6
8.3,11.32
8.98,12.62
6.36,8.85
8.46,12.78
6.32,4.72
9.7,15.68
8.18,13.45
6.62,7.66
6.35,7.26
5.95,7.18
8.47,11.34
6.09,8.24
7.98,9.02
6.32,7.04
8.31,13.8
9.07,12.22
8.89,14.49
8.8,13.27
5.94,5.52
5.44,7.56
8.49,12.15
6.84,8.77
7.16,10.19
5.16,6.85
6.3,9.19
5.17,7.72
9.4,14.4
6.22,6.54
7.79,10.45
5.19,9.88
8.33,12.87
6.62,11.75
9.49,15.76
9.44,14.28
6.63,9.29
9.5,14.06
9.98,12.88
9.13,13.45
9.22,15.06
6.25,7.52
7.88,11.68
5.34,7.63
5.47,5.76
9.99,14.45
6.63,7.72
8.74,11.75
9.03,11.71
9.29,12.64
9.99,16.68
6.21,7.07
5.2,6.51
7.06,9.1
5.65,8.59
5.11,7.78
6.8,10.28
8.92,13.42
7.83,10.82
6.56,7.38
8.27,14.22
6.16,7.18
5.07,6.93
8.82,14.15
8.12,10.95
8.81,14.11
5.19,7.27
9.19,15.61
8.1,11.01
7.82,9.53
8.12,11.01
9.32,14.03
7.93,11.35
7.9,10.76
9.95,12.63
8.78,13.38
7.21,12.35
8.54,12.92
6.95,10.23
6.14,8.75
7.98,11.85
9.64,15.47
9.65,14.84
6.71,8.7
7.64,9.79
6.06,7.61
9.98,15.34
9.91,14.45
8.25,12.22
9.02,13.77
8.58,13.44
7.97,12.88
5.27,6.57
7.27,8.52
8.37,11.66
8.39,12.15
6.87,7.16
9.71,16.14
5.84,7.68
7.5,10.96
8.45,13.86
8.49,11.52
8.24,12.53
6.38,8.35
5.78,7.18
8.18,10.8
8.0,13.39
5.9,7.16
8.53,13.19
7.28,7.85
8.34,13.43
9.19,14.8
5.85,7.64
5.1,5.9
8.9,13.49
8.05,14.23
8.5,10.18
9.19,14.48
9.01,12.13
9.8,14.62
7.68,10.53
7.44,9.88
7.01,9.6
5.77,6.02
7.86,12.39
6.39,6.34
9.61,14.94
7.92,10.86
7.96,9.93
6.77,9.44
5.26,4.6
5.16,6.33
7.12,8.1
5.42,7.31
8.03,10.35
9.4,13.39
9.41,14.3
8.3,11.0
6.06,7.83
9.31,11.95
9.43,14.73
5.98,9.89
8.69,15.99
6.43,8.69
9.01,14.17
9.99,12.84
5.15,8.07
9.49,15.01
8.11,11.02
9.87,16.25
7.33,9.88
9.24,13.08
5.31,7.13
6.68,7.74
5.34,7.83
9.88,13.51
9.08,12.09
9.26,12.58
9.69,15.35
5.43,6.03
6.93,7.85
5.36,5.91
6.05,7.86
6.15,6.65
7.35,8.84
6.34,10.95
5.5,5.88
5.84,7.12
5.74,6.88
9.87,14.25
8.8,13.58
9.84,15.85
7.2,9.59
6.39,7.02
8.99,14.71
6.63,8.82
6.5,10.77
6.16,5.4
5.65,7.4
6.28,10.61
6.78,8.77
8.37,11.8
5.31,6.92
6.05,7.22
9.05,12.91
5.73,6.92
6.71,8.33
9.32,15.26
5.77,7.95
5.41,7.05
7.42,11.33
6.51,8.4
7.82,10.14
9.02,12.51
5.69,7.24
7.9,9.96
7.53,9.95
5.72,6.68
8.12,14.17
6.37,5.13
7.44,10.17
5.41,8.81
7.3,10.28
6.53,9.66
9.11,13.52
5.28,5.71
7.09,7.08
7.29,10.37
8.63,11.59
7.87,10.21
8.34,11.41
8.89,15.09
9.31,16.65
6.57,9.09
7.69,10.28
9.2,12.15
9.95,15.47
9.45,16.15
6.86,9.05
5.98,4.9
7.45,11.21
8.71,13.86
7.46,8.53
7.42,10.56
9.19,14.09
6.81,9.16
9.3,12.79
7.03,10.88
6.64,8.47
7.27,8.3
8.81,10.4
5.63,8.65
5.98,8.51
9.76,14.67
5.88,7.05
7.84,10.47
7.9,9.92
7.45,9.89
8.22,9.26
6.15,7.19
7.76,10.6
6.86,10.08
8.31,11.91
5.71,8.22
7.85,12.76
5.93,8.94
6.39,9.07
6.09,7.98
5.91,6.47
9.13,14.32
6.43,10.59
9.64,14.75
9.85,17.03
7.86,9.31
5.72,5.9
6.87,10.4
8.99,13.5
6.84,10.88
5.44,6.76
7.78,9.97
9.23,13.35
8.98,11.32
5.88,6.22
8.36,13.22
6.1,9.03
6.09,8.4
9.37,11.8
6.25,7.82
6.32,6.9
5.0,7.42
9.35,13.14
8.96,11.83
8.14,11.68
8.75,11.98
5.76,9.15
7.29,9.24
6.76,7.48
5.47,4.26
7.43,10.34
9.6,13.61
5.2,4.65
6.46,10.05
6.04,8.67
6.19,8.11
9.54,15.81
7.34,11.01
7.33,9.21
8.8,11.6
5.77,8.37
7.44,10.86
7.15,10.07
7.98,10.36
10.0,15.73
8.85,12.02
6.99,9.46
9.14,15.18
5.85,6.74
5.15,4.39
6.02,6.58
6.7,10.26
7.55,10.9
8.08,11.38
9.55,13.58
7.55,11.17
7.51,9.49
5.25,6.82
5.17,5.44
7.76,9.88
7.19,9.18
9.2,13.1
5.8,7.39
5.12,6.51
7.25,5.62
6.19,7.17
5.25,5.98
8.62,14.33
5.56,5.71
8.04,11.67
6.41,10.32
5.87,5.99
6.9,9.89
9.01,12.25
6.96,8.92
8.75,11.79
5.63,6.25
8.86,16.22
6.18,9.15
8.39,13.42
7.83,11.68
9.65,12.43
6.94,9.96
5.33,7.88
5.1,5.15
9.13,14.6
7.62,11.57
8.88,15.2
6.17,7.61
6.73,7.79
5.15,5.84
9.81,16.38
8.34,9.82
9.67,11.92
6.33,8.5
8.06,10.97
8.39,12.12
6.59,9.99
9.24,12.97
9.74,12.28
9.42,16.42
8.7,11.45
6.39,7.23
6.41,9.86
9.82,14.21
5.05,6.02
8.58,13.02
8.53,13.66
8.11,11.2
9.95,16.73
6.56,6.24
6.7,9.97
5.39,5.7
7.21,11.63
6.31,8.52
6.72,8.28
9.17,14.31
9.68,15.49
5.93,8.44
6.86,8.12
9.64,13.78
5.31,6.55
5.46,6.78
5.81,8.36
7.98,8.94
5.75,7.76
9.84,14.36
7.23,9.01
7.51,9.62
6.23,7.96
7.35,5.92
8.31,11.12
8.76,11.71
8.77,13.42
7.89,10.23
9.52,13.88
9.09,15.21
8.79,14.01
5.28,7.58
5.03,5.46
6.06,8.56
8.32,11.69
7.06,9.47
7.01,10.11
9.42,13.24
9.48,15.85
9.55,13.99
6.57,9.57
8.46,13.97
6.36,9.68
5.95,6.02
5.92,8.2
6.71,10.1
7.15,10.94
9.15,12.14
5.6,6.29
8.67,13.81
7.66,9.87
6.44,8.23
7.46,12.33
6.5,8.64
7.98,10.49
7.17,8.85
5.82,7.88
5.58,5.45
7.73,10.62
9.51,14.52
6.72,10.65
8.67,13.4
8.29,11.07
9.66,15.8
9.1,13.03
7.83,9.62
8.29,11.71
9.49,15.81
7.0,9.79
6.63,8.96
5.05,8.06
9.13,11.72
9.0,11.67
5.52,5.0
7.88,11.64
7.32,10.38
5.59,8.92
9.9,15.12
6.07,7.45
5.34,6.61
7.97,11.49
8.69,10.64
5.16,9.54
8.29,12.55
7.66,11.04
5.52,7.67
5.86,8.4
7.84,10.94
6.48,7.91
9.69,15.16
9.09,13.83
9.92,13.88
6.3,10.04
9.85,15.08
7.16,10.76
6.74,10.8
5.25,6.48
5.26,6.86
8.46,13.2
7.29,9.25
6.13,8.1
8.07,11.68
6.26,7.13
7.89,13.98
6.8,7.54
9.12,11.85
9.1,14.96
7.39,11.15
6.75,7.93
6.81,9.99
9.03,15.01
6.64,8.92
6.05,11.0
5.42,4.69
7.33,11.03
7.41,11.74
9.2,14.64
6.11,7.75
6.9,9.08
9.04,13.81
9.12,14.39
6.92,10.18
7.3,11.38
6.52,7.51
9.66,14.12
5.59,5.94
9.67,13.94
8.42,13.37
7.66,10.91
5.16,9.42
7.38,10.51
7.04,9.74
5.81,7.58
8.28,11.14
9.86,14.67
7.81,12.41
8.57,12.57
5.34,5.66
7.09,8.65
5.58,6.51
8.06,11.6
9.69,15.88
8.31,10.35
5.38,6.31
6.77,9.37
7.75,8.76
7.02,8.63
9.17,12.69
9.07,12.38
8.06,11.74
6.87,9.17
6.28,7.63
5.53,7.47
6.77,11.26
7.07,11.69
8.38,9.78
8.29,12.62
5.35,6.42
6.98,9.74
5.91,7.16
5.78,7.55
9.14,13.63
5.21,5.68
7.1,8.7
5.84,6.98
9.4,14.2
7.79,11.73
6.16,9.11
7.51,9.93
8.66,12.92
9.79,15.78
6.1,9.38
9.43,13.91
9.67,14.14
9.58,14.48
8.18,10.34
8.15,11.44
7.02,10.52
8.76,13.54
7.66,10.46
8.39,12.36
7.14,8.87
8.66,13.43
9.12,13.33
5.73,6.99
9.16,13.06
7.7,10.79
9.22,13.06
7.16,10.67
6.9,8.94
9.58,16.15
6.26,10.02
9.22,12.53
7.42,10.44
7.57,9.85
6.54,8.38
7.87,13.56
6.63,8.56
5.2,6.79
6.36,9.1
5.03,4.86
9.89,13.78
9.83,13.24
6.98,8.49
8.64,9.14
6.73,9.77
8.36,14.5
9.03,13.43
9.73,12.82
7.0,8.83
8.92,12.5
6.33,7.17
9.95,15.95
5.13,7.2
8.02,10.05
8.3,12.81
8.44,14.02
5.6,9.37
9.69,17.89
5.91,6.55
8.11,14.99
6.11,7.58
6.54,8.05
7.73,11.31
7.09,9.06
5.8,7.92
5.85,5.95
7.09,9.48
8.79,14.36
9.49,14.01
5.42,6.93
6.97,10.11
5.5,8.31
5.08,4.16
8.31,12.66
8.01,11.1
5.82,7.67
6.17,9.38
5.12,4.78
9.17,12.3
9.87,12.45
5.68,6.56
6.16,9.68
9.34,13.67
9.63,12.73
7.1,9.19
5.25,4.67
5.2,5.0
7.87,11.63
6.96,8.13
5.14,7.59
7.92,11.16
5.06,6.2
8.94,12.75
6.53,9.69
5.2,7.3
7.94,11.7
6.99,10.26
9.87,14.51
7.72,11.55
6.38,8.07
8.55,12.39
6.36,8.11
9.52,13.59
6.87,8.55
7.75,11.51
5.25,8.03
7.13,11.24
9.16,11.98
9.03,14.8
6.12,7.64
6.13,8.76
9.09,12.27
9.65,14.54
5.48,7.23
7.25,8.27
6.69,9.77
9.35,15.45
5.42,6.54
6.06,9.53
8.76,12.54
5.26,7.48
7.46,7.77
7.21,12.88
6.67,10.8
6.97,9.21
7.65,8.4
5.81,7.8
7.86,9.42
9.03,13.78
8.8,13.34
5.77,6.26
5.75,8.69
6.34,9.38
6.81,10.42
7.04,9.69
8.4,10.42
5.28,7.68
5.17,5.99
6.96,7.86
8.49,13.9
5.97,10.26
8.21,11.72
6.3,10.93
9.43,14.08
9.48,13.6
6.49,7.92
6.15,10.03
7.06,8.77
6.2,9.05
8.36,11.38
9.13,12.88
8.37,13.29
9.12,12.96
6.98,9.09
5.78,8.77
8.69,14.56
6.8,10.02
8.36,11.26
6.35,7.82
5.41,6.83
9.96,15.32
5.78,6.22
9.94,15.76
9.89,14.9
8.97,11.09
8.3,10.82
7.89,10.6
9.33,13.71
6.45,10.87
7.34,10.49
8.1,10.57
7.06,9.97
7.14,9.42
6.65,9.36
7.82,11.77
9.25,15.11
6.01,7.78
9.67,16.38
8.45,13.29
9.12,12.56
7.78,13.66
8.9,13.41
5.08,5.14
9.09,15.35
5.2,8.85
9.45,13.97
9.96,14.32
6.47,8.44
6.05,8.75
8.83,14.42
6.27,8.96
9.33,13.91
5.51,8.72
5.63,6.76
9.9,16.05
8.37,11.72
9.23,14.14
6.62,8.78
8.38,12.02
7.97,10.9
8.02,13.04
8.41,11.26
7.88,10.29
7.15,12.41
6.38,9.66
8.84,10.06
6.13,7.36
8.46,10.06
6.17,6.96
8.13,7.86
8.74,12.56
6.09,6.6
5.3,6.61
5.65,5.23
8.03,11.55
9.25,13.15
5.22,8.21
8.67,14.3
6.71,10.01
7.39,9.91
9.64,16.74
6.66,7.12
7.33,8.5
5.07,6.02
5.41,9.44
6.29,8.08
5.14,6.03
8.16,9.95
7.13,10.97
7.74,12.08
5.87,8.52
6.48,7.91
8.32,11.13
9.83,13.14
5.25,6.55
9.45,12.72
7.88,9.78
7.82,10.57
7.5,9.92
5.35,5.98
5.45,7.37
8.0,11.5
6.7,8.72
9.59,14.48
7.03,8.47
5.72,7.42
8.57,12.61
6.47,6.84
7.63,11.92
8.49,11.22
9.5,14.21
8.96,14.53
8.38,13.2
8.4,12.16
9.73,14.08
6.48,9.8
5.01,6.82
6.36,7.71
6.09,7.01
8.31,9.47
8.17,11.89
7.97,11.24
5.08,7.51
8.64,12.99
6.62,10.51
8.33,11.15
7.78,12.37
6.71,8.45
5.67,8.14
5.47,5.1
9.16,13.77
9.59,11.88
8.25,11.53
5.52,7.46
7.01,8.99
8.64,11.3
8.9,14.03
5.59,6.94
5.0,5.41
8.56,12.46
6.78,12.37
6.27,9.67
5.06,7.51
7.7,11.39
9.26,13.86
9.79,11.74
7.83,10.28
7.57,10.05
5.43,4.52
7.74,9.55
6.9,7.04
8.04,11.42
6.94,10.48
6.2,9.49
5.47,7.35
6.57,7.68
5.48,4.55
5.88,5.48
9.94,13.36
7.22,8.93
7.66,10.6
9.37,12.65
9.98,15.37
7.91,10.97
9.06,13.32
6.63,10.31
6.53,7.34
7.01,10.13
8.36,12.04
8.41,11.74
6.58,9.9
5.67,8.25
8.16,10.56
5.64,6.94
7.89,11.54
8.47,11.91
8.5,13.01
8.77,13.12
9.36,16.05
7.5,8.66
8.65,12.43
8.1,10.48
5.93,8.4
5.13,4.29
6.42,8.98
7.22,9.23
8.09,10.67
9.25,11.91
5.98,7.21
5.63,8.43
9.82,14.64
5.54,7.73
7.39,12.3
7.93,11.59
7.71,10.2
5.43,7.33
5.29,5.86
5.53,6.34
7.93,9.45
7.72,12.01
6.17,7.64
8.19,11.96
9.1,12.14
5.21,6.9
7.49,9.57
8.45,12.03
6.26,9.32
6.54,9.72
8.07,11.5
9.49,11.96
9.05,16.88
7.92,13.34
8.65,13.44
6.82,8.38
8.2,11.63
7.33,9.54
5.95,9.23
8.51,12.63
7.78,10.07
6.79,8.66
9.56,15.55
5.1,8.11
6.58,10.68
5.28,7.42
8.83,12.6
8.51,8.43
6.66,9.34
8.38,12.08
6.98,9.73
8.78,12.87
7.27,8.5
7.06,10.38
9.67,15.17
6.25,9.08
5.6,8.22
7.92,11.99
9.85,14.23
6.89,9.32
5.31,6.67
6.7,9.18
7.53,11.75
5.81,8.23
8.29,14.42
9.99,17.63
7.26,10.16
6.77,4.59
7.0,11.09
5.58,6.39
9.42,12.99
7.07,9.26
6.94,8.95
8.3,12.67
7.21,8.11
8.24,10.54
5.31,6.96
9.07,14.07
9.7,15.23
8.24,10.89
9.77,13.42
5.76,6.75
7.39,10.58
8.01,13.2
7.91,8.78
7.01,9.35
6.69,7.44
5.63,5.16
6.96,10.69
5.81,8.12
8.67,13.15
6.04,8.98
5.29,5.95
7.76,10.45
7.98,13.98
9.36,13.55
7.88,12.07
6.73,9.12
9.02,11.01
7.7,8.41
5.4,6.02
7.83,12.36
9.54,15.12
6.98,10.66
6.48,7.48
5.72,9.23
5.76,6.21
7.16,10.15
7.98,11.35
5.4,6.52
9.7,16.06
8.78,11.95
7.93,9.66
9.14,13.48
5.4,6.24
7.38,14.34
8.15,12.48
9.14,12.97
8.92,11.78
6.39,6.24
9.7,13.24
5.62,7.26
9.38,15.59
9.85,16.08
5.89,7.87
8.61,12.11
5.2,6.69
7.03,9.03
7.58,12.71
7.9,11.0
9.68,14.32
8.36,9.39
7.41,10.1
9.05,14.29
9.75,13.27
5.11,5.3
9.91,15.79
5.43,5.0
9.07,14.6
6.4,7.88
5.66,6.72
7.2,8.61
8.22,12.25
6.9,12.38
5.27,7.43
8.0,10.36
9.51,15.48
6.92,9.07
6.08,9.6
7.21,10.95
5.24,2.9
9.1,12.18
9.13,14.57
7.94,11.47
6.77,7.95
9.0,12.44
7.77,8.7
9.13,13.33
8.16,14.34
8.92,14.03
7.99,14.02
7.07,10.79
9.79,15.85
7.71,13.24
8.03,11.9
6.1,7.76
8.13,12.87
7.86,12.89
5.92,7.09
5.3,5.67
8.02,11.61
8.82,13.87
7.62,11.67
6.13,6.33
8.33,14.29
5.4,5.95
7.21,9.66
5.82,6.39
5.92,10.9
6.01,8.11
6.93,8.46
5.26,7.5
6.99,10.5
7.56,10.38
7.42,11.36
6.91,8.45
9.2,12.96
5.73,4.9
7.53,8.96
5.31,8.73
5.36,8.61
7.87,11.24
7.83,13.09
9.39,13.71
7.79,10.73
9.8,14.71
5.24,6.29
5.49,6.62
5.22,7.77
5.93,7.85
7.71,11.73
8.23,13.05
5.23,6.88
9.73,13.35
9.21,11.96
6.48,8.85
5.39,6.49
5.85,7.63
5.63,7.12
5.62,10.21
7.59,9.07
6.23,5.82
6.79,9.62
9.95,14.45
8.42,12.54
9.74,15.24
5.71,8.82
6.91,7.63
7.77,10.32
5.38,7.21
5.02,6.96
8.35,14.67
8.21,12.92
7.05,9.63
7.45,9.34
7.08,9.06
5.12,5.5
6.68,9.8
5.89,7.9
5.49,5.3
9.78,14.09
8.0,12.45
8.64,12.98
6.58,9.52
6.97,10.0
6.18,10.08
5.48,7.16
5.9,7.15
8.99,12.08
8.39,12.4
7.73,7.99
7.38,10.05
9.61,14.05
5.36,5.02
6.4,7.41
6.75,10.12
8.91,13.32
9.96,15.05
6.2,8.53
9.37,13.98
9.15,14.97
6.12,8.17
7.0,7.84
7.05,11.64
9.89,15.25
5.9,6.92
9.0,11.69
6.67,9.48
8.65,12.44
7.1,11.67
7.89,10.79
9.16,12.49
9.02,14.31
9.33,14.91
5.3,6.74
8.46,13.04
5.7,7.21
7.08,10.02
7.74,12.34
7.01,10.38
7.6,10.47
9.98,16.59
5.68,4.38
8.38,14.54
6.98,7.52
5.67,6.44
5.79,7.38
9.75,14.37
9.4,15.12
9.54,12.89
9.96,15.24
6.04,7.18
6.78,9.55
8.35,11.95
7.42,10.47
7.09,9.11
6.79,8.61
7.97,11.69
7.88,12.31
5.81,6.74
7.36,9.2
7.77,11.72
7.85,11.09
6.05,8.89
8.71,11.59
5.13,4.09
6.77,8.55
8.9,12.1
7.82,10.98
6.31,7.59
8.47,13.14
7.84,10.76
8.98,13.35
8.68,12.8
8.05,11.72
7.44,10.36
5.67,7.81
6.31,7.4
7.1,11.45
8.0,11.11
7.57,9.05
6.44,8.82
5.03,5.04
7.48,11.26
6.43,11.22
8.67,11.67
5.12,6.61
7.92,9.16
9.71,15.02
5.87,6.51
7.36,9.5
5.46,5.5
8.13,12.51
7.75,12.16
7.04,9.69
7.61,9.66
9.48,15.98
5.98,6.87
5.11,3.61
9.31,14.31
7.89,9.87
9.45,15.2
7.98,10.92
9.05,14.02
7.15,11.55
8.75,11.3
9.57,13.54
7.86,11.06
5.9,9.47
6.34,7.63
5.99,7.07
6.23,8.8
6.53,8.07
7.78,11.18
7.94,9.43
7.13,12.5
8.08,9.92
5.41,6.35
5.44,6.75
5.86,9.84
7.59,9.07
6.07,10.31
6.42,9.46
7.0,10.1
9.06,12.13
5.07,6.81
8.25,10.98
8.34,13.54
8.99,12.02
9.66,14.26
5.1,5.51
5.77,6.2
9.43,14.87
7.29,10.77
7.82,12.53
8.32,9.83
8.4,13.39
9.66,17.39
9.98,14.43
8.6,14.76
6.44,8.27
9.4,12.27
5.25,6.08
6.16,9.34
9.49,13.07
6.28,7.59
6.1,8.7
5.69,7.25
9.3,14.43
7.5,10.79
8.37,12.65
6.2,7.63
8.79,13.1
8.8,11.73
6.56,10.36
7.05,8.94
6.05,9.24
9.88,14.51
8.23,12.05
9.67,13.82
6.52,7.51
8.91,10.94
8.83,11.63
8.46,11.84
9.83,14.95
6.97,10.75
5.65,6.64
8.36,10.99
8.65,10.83
7.88,11.75
6.03,9.52
7.52,12.06
6.56,9.66
7.14,10.61
8.23,13.84
8.73,13.11
6.16,8.87
7.03,9.26
6.35,6.79
5.99,6.97
8.92,13.04
9.55,14.26
6.85,11.64
8.76,12.86
9.48,15.49
9.23,13.09
5.91,7.27
9.78,13.01
6.88,8.5
6.7,9.69
5.31,6.57
7.43,11.51
5.55,7.2
6.24,7.81
6.58,11.43
9.04,13.17
9.38,15.27
6.51,8.24
9.29,14.58
9.29,14.83
8.82,13.13
5.73,4.49
8.45,12.23
9.73,15.98
8.41,12.78
6.66,9.52
7.5,8.44
8.23,10.95
7.55,11.09
5.6,7.57
6.56,10.27
9.01,13.05
9.31,14.24
5.69,7.26
9.76,13.39
6.64,6.25
8.31,12.48
8.76,12.98
9.06,12.57
9.73,12.57
6.56,9.57
9.29,13.41
5.66,7.85
8.53,14.58
8.71,10.11
8.39,11.26
6.26,8.02
9.37,15.6
5.84,5.56
5.27,8.81
8.59,12.62
7.38,10.16
9.25,13.4
6.92,8.93
5.84,8.77
9.18,12.25
7.74,11.35
5.95,7.24
8.6,11.57
7.56,13.7
8.02,11.94
7.3,10.88
9.14,14.82
9.15,11.76
8.55,14.49
5.53,3.94
9.19,12.63
8.36,11.49
8.49,12.97
6.81,9.53
9.4,13.71
8.63,12.51
5.56,5.84
7.04,7.87
9.43,14.85
5.24,7.26
9.81,16.55
8.4,11.16
8.16,12.51
6.35,8.09
6.24,9.67
9.71,15.7
6.49,8.94
8.88,12.57
6.97,10.69
5.7,8.03
5.05,5.28
7.72,9.3
9.88,14.44
6.85,11.14
6.79,10.59
6.72,7.76
7.6,9.28
7.2,11.5
9.4,12.56
7.53,11.16
7.54,9.83
5.69,9.19
9.91,13.92
6.25,9.62
5.37,6.88
8.32,12.27
7.98,8.99
7.08,7.09
7.11,9.54
8.93,13.36
5.98,6.41
9.1,12.08
8.24,12.51
7.09,10.45
7.29,9.96
6.28,9.25
8.76,11.36
7.56,10.19
6.6,10.87
7.98,11.45
9.98,15.11
7.18,12.68
9.6,12.61
6.73,10.06
5.27,8.49
6.02,7.45
7.09,10.8
6.1,6.8
5.0,5.18
9.58,14.7
9.22,14.55
8.71,14.03
5.84,9.39
5.6,7.0
5.34,8.04
8.62,12.11
9.64,15.44
7.15,10.12
5.6,7.61
7.56,11.12
6.74,7.21
6.87,8.02
8.11,11.72
8.59,10.44
5.55,7.99
5.18,7.37
9.97,15.34
6.16,6.75
5.27,8.14
5.95,10.15
5.19,6.53
6.96,10.14
9.01,13.46
6.71,9.71
7.22,9.85
8.38,12.04
7.54,11.67
9.31,16.57
9.33,12.11
5.05,5.96
8.89,11.59
7.3,12.06
9.94,14.19
7.42,8.62
9.93,15.65
8.77,14.88
6.24,9.03
7.69,11.09
9.96,15.42
9.29,15.42
5.49,5.83
8.53,12.22
6.73,8.57
5.03,4.66
7.02,9.24
6.17,9.44
9.09,14.05
6.69,9.81
9.14,13.62
5.0,6.63
6.54,7.81
6.21,7.8
6.17,8.33
5.34,6.95
5.94,8.07
7.78,10.83
6.46,8.17
7.09,13.55
6.88,10.48
9.38,14.38
9.53,13.87
7.46,9.9
6.65,8.81
5.53,7.31
9.77,12.32
5.3,4.66
6.49,7.91
6.49,8.93
6.6,8.6
5.82,9.25
8.92,11.27
5.61,6.2
8.17,13.54
5.62,7.27
5.35,7.7
9.55,16.65
5.95,6.88
9.11,13.27
7.72,10.57
5.39,4.36
9.78,14.23
6.23,9.28
9.3,14.39
5.84,8.26
9.27,13.23
5.07,5.33
7.56,12.13
8.85,12.33
9.67,14.77
9.55,14.38
9.1,15.13
9.44,15.16
6.0,6.24
6.42,7.13
6.44,9.3
6.89,9.32
6.97,8.99
7.72,12.12
5.8,7.66
8.46,12.28
5.84,8.44
6.55,8.34
7.52,12.41
8.98,12.22
8.7,13.44
8.23,13.53
5.78,5.75
7.74,10.51
5.44,8.16
6.89,10.78
7.07,9.52
5.2,5.48
6.37,9.61
9.78,16.02
9.77,13.19
6.76,7.73
5.22,6.66
5.9,8.37
6.96,9.17
9.74,15.35
5.71,6.42
8.82,10.33
5.54,6.47
9.91,14.91
6.91,9.1
8.88,11.59
6.71,6.9
8.14,11.03
5.96,8.81
5.73,8.82
9.69,15.87
9.59,13.28
9.44,12.6
8.13,12.22
9.04,14.04
5.35,7.1
6.67,6.6
6.57,7.78
8.18,11.69
6.78,9.79
5.74,8.26
7.98,11.54
9.07,13.73
6.91,9.54
5.66,8.01
5.98,8.15
6.19,8.22
6.5,8.38
8.21,11.88
8.0,11.99
8.48,12.59
6.81,9.72
9.12,15.03
6.02,8.15
7.35,9.44
9.0,14.27
5.9,5.98
5.55,5.69
9.42,14.36
6.71,9.71
8.42,10.66
5.13,5.77
8.45,11.48
6.58,8.26
5.28,7.63
8.05,12.34
6.2,8.14
6.93,8.83
5.4,5.11
5.74,9.03
6.49,9.39
5.45,5.96
9.55,15.06
5.03,5.97
7.42,10.01
5.62,7.63
6.54,7.88
9.63,13.92
5.81,7.6
9.83,14.09
6.03,8.66
8.71,14.92
7.73,10.01
9.42,11.96
7.77,8.58
7.67,10.63
5.98,6.96
5.83,7.75
9.58,14.41
6.64,7.03
6.86,7.17
8.8,13.19
6.69,9.21
9.76,14.06
8.69,10.65
7.99,11.94
9.4,15.45
5.25,6.78
6.29,7.3
7.33,10.24
6.13,6.4
8.72,13.96
9.6,14.37
7.12,7.69
6.71,8.72
9.81,15.21
7.22,9.6
7.45,10.07
6.76,7.7
9.55,14.87
7.84,10.34
8.81,10.27
9.06,12.86
6.71,10.25
7.17,9.44
9.24,15.72
6.82,9.78
8.97,13.55
9.7,14.31
8.12,11.53
8.71,12.36
9.03,12.88
9.23,14.24
6.98,8.43
5.26,5.17
7.01,8.27
8.37,14.52
7.25,10.69
8.74,13.11
6.78,7.94
8.17,12.46
5.93,7.54
8.75,13.0
7.73,9.74
6.02,8.03
6.46,8.12
8.74,11.82
7.41,11.22
6.08,6.1
9.84,15.38
8.58,13.26
9.79,13.56
7.14,8.86
7.38,10.01
9.49,14.42
7.63,10.54
8.54,12.89
6.26,10.39
7.23,9.41
5.62,5.05
6.03,8.84
5.0,8.03
5.2,6.82
9.89,13.49
6.21,8.03
8.32,10.63
9.2,14.32
7.75,9.33
5.77,7.02
8.64,11.35
8.0,11.55
8.66,12.14
8.85,13.14
9.88,14.81
7.87,9.98
6.71,9.83
8.24,11.78
5.34,5.43
9.49,16.77
5.6,7.65
6.64,8.77
9.08,15.04
7.99,13.59
